id,Predicted
1,-3084.051513
2,-3718.945301
3,-3769.981779
4,-3723.028219
5,-3917.647322
6,-2687.327956
7,-3463.76291
8,-2613.154942
9,-3123.519723
10,-3349.441199
11,-3495.065283
12,-3798.562206
13,-3735.95746
14,-3565.835866
15,-3627.760126
16,-3171.153769
17,-3570.599271
18,-3495.065283
19,-3420.892268
20,-3772.023238
21,-2705.701089
22,-3571.279757
23,-3349.441199
24,-3756.372051
25,-3708.738005
26,-3789.035397
27,-3349.441199
28,-3485.538474
29,-3769.981779
30,-3485.538474
31,-3772.023238
32,-3810.810961
33,-3531.811548
34,-3416.128864
35,-3350.121685
36,-3531.811548
37,-3723.028219
38,-3259.616998
39,-3327.665635
40,-3420.892268
41,-3497.787229
42,-3918.327808
43,-3723.028219
44,-3565.835866
45,-3594.416294
46,-3823.059716
47,-3306.570557
48,-3729.833083
49,-3855.042576
50,-2756.05708
51,-3395.714273
52,-2918.693324
53,-3741.401351
54,-3723.028219
55,-3218.787815
56,-3789.035397
57,-3776.786642
58,-2987.422448
59,-3395.714273
60,-3328.346121
61,-3463.76291
62,-3390.950868
63,-3282.753534
64,-3463.76291
65,-3218.787815
66,-3917.647322
67,-3327.665635
68,-2971.771261
69,-3599.860185
70,-3789.035397
71,-3779.508588
72,-3327.665635
73,-3655.660068
74,-2987.422448
75,-3429.738591
76,-3409.324
77,-2987.422448
78,-3537.255439
79,-3259.616998
80,-3361.689954
81,-3327.665635
82,-3084.051513
83,-3742.762324
84,-3463.76291
85,-3295.682775
86,-3737.318433
87,-2579.130623
88,-3776.786642
89,-3463.76291
90,-3737.318433
91,-3838.030416
92,-3737.318433
93,-3395.714273
94,-3917.647322
95,-3295.682775
96,-3255.534079
97,-3259.616998
98,-3565.835866
99,-3708.738005
100,-2506.318581
101,-3785.632965
102,-3412.726432
103,-3259.616998
104,-3531.811548
105,-3810.810961
106,-3855.042576
107,-3822.37923
108,-3218.787815
109,-3637.286936
110,-3361.689954
111,-3825.101175
112,-3327.665635
113,-3191.56836
114,-2685.286497
115,-3443.348319
116,-3531.811548
117,-3756.372051
118,-3737.318433
119,-3637.967422
120,-3722.347732
121,-3786.993938
122,-3746.164756
123,-3737.318433
124,-3779.508588
125,-3548.143221
126,-3409.324
127,-3255.534079
128,-3637.286936
129,-3570.599271
130,-2817.300854
131,-3779.508588
132,-3349.441199
133,-3537.935925
134,-3395.714273
135,-3361.689954
136,-3189.526901
137,-3463.76291
138,-3217.426842
139,-3420.892268
140,-3735.95746
141,-3723.028219
142,-3497.787229
143,-3723.028219
144,-3361.689954
145,-3090.856377
146,-3416.128864
147,-3637.967422
148,-3718.945301
149,-3805.36707
150,-3593.735808
151,-3349.441199
152,-3917.647322
153,-3689.684386
154,-3497.787229
155,-3050.707681
156,-3189.526901
157,-3918.327808
158,-3499.148202
159,-3499.148202
160,-3742.762324
161,-3769.981779
162,-3594.416294
163,-3655.660068
164,-3742.762324
165,-3637.286936
166,-3531.811548
167,-3217.426842
168,-3531.811548
169,-3485.538474
170,-3064.317408
171,-3463.76291
172,-3599.860185
173,-3463.76291
174,-3844.83528
175,-2715.227898
176,-3259.616998
177,-3055.471085
178,-3789.035397
179,-3395.714273
180,-3256.214566
181,-2647.17926
182,-3763.176915
183,-3055.471085
184,-3531.811548
185,-3741.401351
186,-3531.811548
187,-2867.656846
188,-2647.17926
189,-3189.526901
190,-3616.191858
191,-3412.726432
192,-3616.191858
193,-3570.599271
194,-3917.647322
195,-2851.325173
196,-3703.9746
197,-3090.856377
198,-3561.072462
199,-3501.189661
200,-3570.599271
201,-3295.682775
202,-3497.787229
203,-3863.888898
204,-3064.317408
205,-3593.735808
206,-3189.526901
207,-3305.890071
208,-3599.860185
209,-3722.347732
210,-3123.519723
211,-3917.647322
212,-3327.665635
213,-3527.728629
214,-3798.562206
215,-2919.37381
216,-3350.121685
217,-3537.255439
218,-3548.143221
219,-3037.778439
220,-3655.660068
221,-2596.142782
222,-3866.610844
223,-3814.893879
224,-3742.762324
225,-2919.37381
226,-3869.332789
227,-3756.372051
228,-3570.599271
229,-3633.884504
230,-3055.471085
231,-3838.030416
232,-3741.401351
233,-3531.811548
234,-3497.787229
235,-3537.255439
236,-3918.327808
237,-3838.030416
238,-3570.599271
239,-3742.762324
240,-3463.76291
241,-3708.738005
242,-3917.647322
243,-3567.196839
244,-3840.071875
245,-3463.76291
246,-3217.426842
247,-3798.562206
248,-3917.647322
249,-3495.065283
250,-3667.908822
251,-3504.592093
252,-3064.317408
253,-3746.164756
254,-3567.196839
255,-3282.753534
256,-3742.762324
257,-3876.137653
258,-3917.647322
259,-2755.376594
260,-3742.762324
261,-3779.508588
262,-3189.526901
263,-2641.054883
264,-3621.635749
265,-3780.189074
266,-3680.157577
267,-3603.943103
268,-3805.36707
269,-3217.426842
270,-3746.164756
271,-3409.324
272,-3327.665635
273,-3616.191858
274,-3416.128864
275,-3382.785031
276,-3571.279757
277,-3497.787229
278,-3499.148202
279,-3293.641316
280,-3655.660068
281,-3293.641316
282,-3772.023238
283,-2997.629743
284,-2984.700502
285,-3594.416294
286,-3413.406918
287,-3495.065283
288,-2817.300854
289,-3501.189661
290,-3708.738005
291,-3355.565576
292,-3718.945301
293,-3825.101175
294,-3838.030416
295,-3531.811548
296,-2647.17926
297,-3153.461123
298,-3327.665635
299,-3537.255439
300,-3295.682775
301,-3499.148202
302,-3104.466104
303,-3497.787229
304,-3823.059716
305,-3259.616998
306,-3838.030416
307,-3420.892268
308,-3123.519723
309,-3171.153769
310,-3017.363848
311,-3372.577736
312,-2987.422448
313,-3825.781661
314,-3409.324
315,-3708.738005
316,-3405.241082
317,-2950.676183
318,-3190.207387
319,-2817.300854
320,-3655.660068
321,-3116.034373
322,-3409.324
323,-3838.030416
324,-3695.128277
325,-3531.811548
326,-3255.534079
327,-3548.143221
328,-2924.137215
329,-3321.541258
330,-3321.541258
331,-3354.88509
332,-3917.647322
333,-3599.860185
334,-2851.325173
335,-3616.191858
336,-3746.164756
337,-3689.684386
338,-2851.325173
339,-3527.728629
340,-3537.255439
341,-2919.37381
342,-3565.835866
343,-3349.441199
344,-2522.650254
345,-3349.441199
346,-3420.892268
347,-3772.023238
348,-3829.184093
349,-3805.36707
350,-3153.461123
351,-2851.325173
352,-2558.716032
353,-3588.972403
354,-3531.811548
355,-3412.726432
356,-3863.888898
357,-3395.714273
358,-3621.635749
359,-3443.348319
360,-3328.346121
361,-3537.935925
362,-3674.0332
363,-3527.728629
364,-2984.700502
365,-3497.787229
366,-3779.508588
367,-3217.426842
368,-3463.76291
369,-3656.340554
370,-3295.682775
371,-3708.738005
372,-3637.286936
373,-3805.36707
374,-3420.892268
375,-3588.972403
376,-3621.635749
377,-3823.059716
378,-3737.318433
379,-3627.760126
380,-2647.17926
381,-3565.835866
382,-2756.05708
383,-3531.811548
384,-3537.255439
385,-3295.682775
386,-3858.445007
387,-3604.62359
388,-3372.577736
389,-2579.130623
390,-2327.350664
391,-3570.599271
392,-3594.416294
393,-3395.714273
394,-3680.157577
395,-3570.599271
396,-3255.534079
397,-3695.128277
398,-3548.143221
399,-3570.599271
400,-3497.787229
401,-3570.599271
402,-3463.76291
403,-3429.738591
404,-3723.028219
405,-2905.083596
406,-3776.786642
407,-3255.534079
408,-3869.332789
409,-3372.577736
410,-3756.372051
411,-3917.647322
412,-3655.660068
413,-3810.810961
414,-3463.76291
415,-2732.240057
416,-3742.081837
417,-3123.519723
418,-3655.660068
419,-3463.76291
420,-3917.647322
421,-3531.811548
422,-3055.471085
423,-3570.599271
424,-3497.787229
425,-2817.300854
426,-3531.811548
427,-3917.647322
428,-3737.318433
429,-3742.762324
430,-3603.943103
431,-3327.665635
432,-3656.340554
433,-3741.401351
434,-3737.318433
435,-3804.006097
436,-3293.641316
437,-3443.348319
438,-3917.647322
439,-2792.803345
440,-3497.787229
441,-3504.592093
442,-3599.860185
443,-3237.841434
444,-3588.972403
445,-3637.286936
446,-3372.577736
447,-3259.616998
448,-3293.641316
449,-3429.738591
450,-3756.372051
451,-2820.0228
452,-3621.635749
453,-3420.892268
454,-3349.441199
455,-3637.286936
456,-3804.006097
457,-3917.647322
458,-3810.810961
459,-3443.348319
460,-3603.943103
461,-3497.787229
462,-3259.616998
463,-3789.035397
464,-2226.638681
465,-2715.227898
466,-3055.471085
467,-3189.526901
468,-3327.665635
469,-2489.986908
470,-2579.130623
471,-3805.36707
472,-3531.811548
473,-3825.781661
474,-3655.660068
475,-3789.035397
476,-3667.908822
477,-3565.835866
478,-3917.647322
479,-3779.508588
480,-3855.042576
481,-3371.216763
482,-3703.9746
483,-3282.753534
484,-3293.641316
485,-3737.318433
486,-2522.650254
487,-3501.189661
488,-3616.191858
489,-3655.660068
490,-3917.647322
491,-3810.810961
492,-2596.142782
493,-3776.786642
494,-3501.189661
495,-3789.035397
496,-2987.422448
497,-3869.332789
498,-3655.660068
499,-3723.028219
500,-3463.76291
501,-3769.981779
502,-3814.893879
503,-3808.769502
504,-3838.030416
505,-3259.616998
506,-2531.496577
507,-3742.762324
508,-3667.908822
509,-3499.148202
510,-2950.676183
511,-2918.693324
512,-3571.279757
513,-3742.762324
514,-3123.519723
515,-3531.811548
516,-3855.042576
517,-2545.106304
518,-3763.176915
519,-3785.632965
520,-2517.886849
521,-3350.121685
522,-3838.030416
523,-3485.538474
524,-3537.255439
525,-3604.62359
526,-3695.128277
527,-3084.051513
528,-3763.176915
529,-3395.714273
530,-3371.216763
531,-3667.908822
532,-2647.17926
533,-3531.811548
534,-3742.762324
535,-3603.943103
536,-3499.148202
537,-3723.028219
538,-3863.888898
539,-3917.647322
540,-3742.762324
541,-3412.726432
542,-3497.787229
543,-3463.76291
544,-2851.325173
545,-3349.441199
546,-3497.787229
547,-3735.95746
548,-2558.716032
549,-3805.36707
550,-3531.811548
551,-2851.325173
552,-3259.616998
553,-3328.346121
554,-3237.841434
555,-3371.216763
556,-3729.833083
557,-3416.128864
558,-3463.76291
559,-3327.665635
560,-3191.56836
561,-2918.693324
562,-3667.908822
563,-3805.36707
564,-3779.508588
565,-3863.888898
566,-3737.998919
567,-3495.065283
568,-3084.051513
569,-3829.184093
570,-2987.422448
571,-3917.647322
572,-3537.255439
573,-3703.9746
574,-3723.028219
575,-2950.676183
576,-3742.762324
577,-3171.153769
578,-3780.189074
579,-3371.216763
580,-3497.787229
581,-3327.665635
582,-3786.993938
583,-2817.98134
584,-3779.508588
585,-3259.616998
586,-3354.88509
587,-3327.665635
588,-3050.707681
589,-3869.332789
590,-3735.95746
591,-3463.76291
592,-3772.023238
593,-3327.665635
594,-3321.541258
595,-3354.88509
596,-3570.599271
597,-3463.76291
598,-3723.028219
599,-3497.787229
600,-3858.445007
601,-3603.943103
602,-3463.76291
603,-3776.786642
604,-3718.945301
605,-3282.753534
606,-3436.543455
607,-3305.890071
608,-3531.811548
609,-3497.787229
610,-3372.577736
611,-3409.324
612,-3259.616998
613,-3501.189661
614,-3306.570557
615,-3829.184093
616,-3722.347732
617,-3808.769502
618,-3604.62359
619,-3722.347732
620,-3917.647322
621,-2919.37381
622,-2558.716032
623,-3412.726432
624,-3071.122272
625,-3463.76291
626,-3742.762324
627,-3565.835866
628,-3463.76291
629,-3361.689954
630,-3804.006097
631,-3354.88509
632,-3795.159775
633,-3656.340554
634,-3395.714273
635,-3917.647322
636,-3780.189074
637,-3708.738005
638,-3565.835866
639,-3616.191858
640,-3293.641316
641,-3814.893879
642,-3493.704311
643,-3084.051513
644,-3218.787815
645,-3497.787229
646,-3429.738591
647,-3412.726432
648,-3565.835866
649,-3548.143221
650,-3463.76291
651,-3327.665635
652,-3395.714273
653,-3497.787229
654,-3780.189074
655,-3537.255439
656,-3863.888898
657,-3191.56836
658,-3382.785031
659,-3531.811548
660,-3722.347732
661,-3429.738591
662,-3395.714273
663,-3409.324
664,-3354.88509
665,-3327.665635
666,-2647.17926
667,-2783.276535
668,-3808.769502
669,-3567.196839
670,-3863.888898
671,-3537.935925
672,-3463.76291
673,-3495.065283
674,-3527.728629
675,-3295.002289
676,-3776.786642
677,-2885.349491
678,-3814.893879
679,-3123.519723
680,-3485.538474
681,-3293.641316
682,-3785.632965
683,-3293.641316
684,-3123.519723
685,-3814.893879
686,-3282.753534
687,-3825.101175
688,-3321.541258
689,-3785.632965
690,-3084.051513
691,-3723.028219
692,-3804.006097
693,-3128.963614
694,-3779.508588
695,-3680.157577
696,-3776.786642
697,-2919.37381
698,-3050.707681
699,-3599.860185
700,-3498.467715
701,-3735.95746
702,-2647.17926
703,-3382.785031
704,-3269.143807
705,-3171.153769
706,-3637.286936
707,-3463.76291
708,-3328.346121
709,-3497.787229
710,-3637.967422
711,-3395.714273
712,-3822.37923
713,-2851.325173
714,-3327.665635
715,-3723.028219
716,-3294.321803
717,-2820.0228
718,-2820.0228
719,-3786.993938
720,-3355.565576
721,-3361.689954
722,-3612.789426
723,-2973.81272
724,-3217.426842
725,-3616.191858
726,-3567.196839
727,-2772.388753
728,-3282.753534
729,-3655.660068
730,-3429.738591
731,-3718.945301
732,-2820.0228
733,-3084.051513
734,-3917.647322
735,-3497.787229
736,-3550.18468
737,-3316.097367
738,-3037.778439
739,-3064.317408
740,-3565.835866
741,-3917.647322
742,-3723.028219
743,-3858.445007
744,-3463.76291
745,-3416.128864
746,-3789.035397
747,-3463.76291
748,-2958.161534
749,-3321.541258
750,-3259.616998
751,-3327.665635
752,-3637.967422
753,-3917.647322
754,-3501.189661
755,-3655.660068
756,-3372.577736
757,-3548.143221
758,-3328.346121
759,-3786.993938
760,-3838.030416
761,-3612.789426
762,-3656.340554
763,-3537.255439
764,-3729.833083
765,-3358.968008
766,-3548.143221
767,-3123.519723
768,-3116.714859
769,-3917.647322
770,-3409.324
771,-3742.762324
772,-3863.888898
773,-2596.142782
774,-3412.726432
775,-3917.647322
776,-3588.972403
777,-3637.286936
778,-2987.422448
779,-3395.714273
780,-3737.318433
781,-3655.660068
782,-3361.689954
783,-2919.37381
784,-2926.178674
785,-3776.786642
786,-3723.028219
787,-3838.030416
788,-3349.441199
789,-3825.101175
790,-3218.787815
791,-3863.888898
792,-3409.324
793,-3655.660068
794,-3723.028219
795,-3321.541258
796,-3798.562206
797,-3918.327808
798,-3703.9746
799,-2517.886849
800,-3655.660068
801,-3255.534079
802,-3113.312427
803,-3667.908822
804,-3037.778439
805,-3742.762324
806,-3603.943103
807,-3570.599271
808,-3722.347732
809,-3282.753534
810,-3463.76291
811,-3718.945301
812,-3917.647322
813,-3499.148202
814,-3567.196839
815,-3776.786642
816,-3917.647322
817,-3723.028219
818,-3742.081837
819,-3823.059716
820,-3838.030416
821,-3701.933141
822,-3567.196839
823,-3917.647322
824,-3917.647322
825,-3259.616998
826,-3746.164756
827,-3855.042576
828,-2973.81272
829,-3327.665635
830,-3443.348319
831,-3565.835866
832,-3795.159775
833,-3321.541258
834,-3795.159775
835,-3785.632965
836,-3159.585501
837,-3616.191858
838,-3350.802172
839,-3780.189074
840,-3463.76291
841,-3917.647322
842,-2351.167687
843,-3421.572755
844,-3633.884504
845,-3372.577736
846,-3537.255439
847,-3742.762324
848,-3829.184093
849,-3655.660068
850,-3917.647322
851,-3495.065283
852,-3464.443396
853,-2987.422448
854,-3655.660068
855,-3779.508588
856,-3637.286936
857,-2984.700502
858,-3570.599271
859,-3259.616998
860,-3593.735808
861,-2654.66461
862,-3756.372051
863,-3104.466104
864,-3655.660068
865,-3412.726432
866,-3918.327808
867,-3499.148202
868,-3741.401351
869,-3708.738005
870,-3501.189661
871,-3537.255439
872,-3123.519723
873,-3621.635749
874,-3259.616998
875,-3616.191858
876,-3463.76291
877,-3637.286936
878,-3321.541258
879,-3917.647322
880,-3708.738005
881,-3737.318433
882,-3667.908822
883,-3723.028219
884,-2990.82488
885,-3412.726432
886,-3409.324
887,-3737.998919
888,-3804.006097
889,-3361.689954
890,-3599.860185
891,-3701.933141
892,-3497.787229
893,-3708.738005
894,-3737.318433
895,-3316.097367
896,-3116.714859
897,-3123.519723
898,-3354.88509
899,-3772.023238
900,-3603.943103
901,-3593.735808
902,-3123.519723
903,-3395.714273
904,-3321.541258
905,-2984.700502
906,-3018.044335
907,-3123.519723
908,-3593.735808
909,-3327.665635
910,-3804.006097
911,-3742.762324
912,-2924.137215
913,-3616.191858
914,-3358.968008
915,-3259.616998
916,-3865.930358
917,-3776.786642
918,-3189.526901
919,-3327.665635
920,-3866.610844
921,-3295.682775
922,-3064.317408
923,-2958.161534
924,-3050.707681
925,-3723.028219
926,-2613.154942
927,-3917.647322
928,-3527.728629
929,-2327.350664
930,-3603.943103
931,-3779.508588
932,-3917.647322
933,-2732.240057
934,-3737.318433
935,-3604.62359
936,-3737.318433
937,-3257.575539
938,-3283.434021
939,-3565.835866
940,-3637.286936
941,-3412.726432
942,-3737.998919
943,-3576.723648
944,-3504.592093
945,-3531.811548
946,-3855.042576
947,-3497.787229
948,-3756.372051
949,-3746.164756
950,-3349.441199
951,-3795.159775
952,-3084.051513
953,-3463.76291
954,-3361.689954
955,-3282.753534
956,-3123.519723
957,-3917.647322
958,-3084.051513
959,-3017.363848
960,-3497.787229
961,-3255.534079
962,-3917.647322
963,-3810.810961
964,-3395.714273
965,-3409.324
966,-3327.665635
967,-3409.324
968,-3723.028219
969,-3356.926549
970,-2892.154355
971,-3071.122272
972,-3116.714859
973,-3350.121685
974,-3804.006097
975,-3217.426842
976,-3531.811548
977,-3382.785031
978,-3350.802172
979,-3746.164756
980,-3637.286936
981,-3327.665635
982,-3840.071875
983,-2170.838798
984,-3823.059716
985,-3361.689954
986,-3420.892268
987,-3746.164756
988,-3327.665635
989,-3443.348319
990,-3616.191858
991,-3463.76291
992,-3918.327808
993,-3723.028219
994,-3718.945301
995,-3412.726432
996,-3795.159775
997,-3495.065283
998,-3459.679992
999,-3403.199623
1000,-3570.599271
1001,-3349.441199
1002,-3858.445007
1003,-3237.841434
1004,-3084.051513
1005,-3327.665635
1006,-3531.811548
1007,-3655.660068
1008,-3735.95746
1009,-3416.128864
1010,-3327.665635
1011,-3191.56836
1012,-3327.665635
1013,-3735.95746
1014,-3604.62359
1015,-3395.714273
1016,-3218.787815
1017,-3327.665635
1018,-2421.257784
1019,-3655.660068
1020,-3038.458926
1021,-3463.76291
1022,-3769.981779
1023,-3395.714273
1024,-3599.860185
1025,-2803.01064
1026,-3838.030416
1027,-3463.76291
1028,-3024.168712
1029,-3327.665635
1030,-3718.945301
1031,-3018.044335
1032,-2987.422448
1033,-3561.072462
1034,-3708.738005
1035,-3805.36707
1036,-2919.37381
1037,-3917.647322
1038,-3823.059716
1039,-3746.164756
1040,-3599.860185
1041,-3189.526901
1042,-3123.519723
1043,-3322.221744
1044,-3863.888898
1045,-3708.738005
1046,-3189.526901
1047,-3780.189074
1048,-3497.787229
1049,-2327.350664
1050,-3776.786642
1051,-3259.616998
1052,-3863.888898
1053,-3667.908822
1054,-3855.042576
1055,-3321.541258
1056,-3497.787229
1057,-3321.541258
1058,-3412.726432
1059,-3805.36707
1060,-3810.810961
1061,-3633.884504
1062,-3656.340554
1063,-3561.072462
1064,-3501.189661
1065,-2783.276535
1066,-3395.714273
1067,-3409.324
1068,-3416.128864
1069,-2973.132234
1070,-3055.471085
1071,-3497.787229
1072,-3372.577736
1073,-3349.441199
1074,-3780.189074
1075,-3123.519723
1076,-3603.943103
1077,-3501.189661
1078,-2687.327956
1079,-3742.762324
1080,-3327.665635
1081,-3501.189661
1082,-3395.714273
1083,-3395.714273
1084,-3259.616998
1085,-3863.888898
1086,-3257.575539
1087,-3855.042576
1088,-3708.738005
1089,-3565.835866
1090,-3361.689954
1091,-3838.030416
1092,-3409.324
1093,-3723.028219
1094,-3409.324
1095,-3037.778439
1096,-3695.128277
1097,-3350.121685
1098,-3361.689954
1099,-3786.993938
1100,-3501.189661
1101,-2705.701089
1102,-3361.689954
1103,-3789.035397
1104,-3722.347732
1105,-3371.216763
1106,-3779.508588
1107,-3637.967422
1108,-3420.892268
1109,-3349.441199
1110,-3354.88509
1111,-3293.641316
1112,-3656.340554
1113,-3814.893879
1114,-3780.189074
1115,-3655.660068
1116,-3429.738591
1117,-3372.577736
1118,-3497.787229
1119,-3504.592093
1120,-2987.422448
1121,-3918.327808
1122,-3737.318433
1123,-3737.318433
1124,-3420.892268
1125,-3822.37923
1126,-3443.348319
1127,-3190.207387
1128,-3637.286936
1129,-3485.538474
1130,-3858.445007
1131,-3463.76291
1132,-2954.078615
1133,-3349.441199
1134,-3742.762324
1135,-3395.714273
1136,-3546.101761
1137,-3805.36707
1138,-3789.035397
1139,-3637.967422
1140,-3259.616998
1141,-3531.811548
1142,-3463.76291
1143,-3463.76291
1144,-3495.065283
1145,-3463.76291
1146,-3531.811548
1147,-3917.647322
1148,-2987.422448
1149,-3637.967422
1150,-3084.051513
1151,-3637.286936
1152,-3497.787229
1153,-3189.526901
1154,-3403.199623
1155,-3113.312427
1156,-3501.189661
1157,-2523.33074
1158,-3294.321803
1159,-3548.143221
1160,-3395.714273
1161,-3637.286936
1162,-3789.035397
1163,-3504.592093
1164,-3017.363848
1165,-3064.317408
1166,-3637.286936
1167,-3123.519723
1168,-3917.647322
1169,-3798.562206
1170,-3037.778439
1171,-3304.529098
1172,-3570.599271
1173,-3084.051513
1174,-3616.191858
1175,-3021.446766
1176,-3485.538474
1177,-3567.196839
1178,-3550.18468
1179,-3789.035397
1180,-3322.221744
1181,-3409.324
1182,-3565.835866
1183,-3603.943103
1184,-2984.700502
1185,-3822.37923
1186,-3463.76291
1187,-3371.216763
1188,-2621.320778
1189,-3372.577736
1190,-3718.945301
1191,-3594.416294
1192,-3354.88509
1193,-2705.701089
1194,-2987.422448
1195,-3612.789426
1196,-3722.347732
1197,-2919.37381
1198,-3259.616998
1199,-3637.286936
1200,-3570.599271
1201,-3305.890071
1202,-3779.508588
1203,-3656.340554
1204,-3570.599271
1205,-3531.811548
1206,-3409.324
1207,-3633.884504
1208,-3531.811548
1209,-3218.787815
1210,-3463.76291
1211,-3735.95746
1212,-3327.665635
1213,-3615.511372
1214,-3037.778439
1215,-2647.17926
1216,-3356.926549
1217,-3917.647322
1218,-3412.726432
1219,-3327.665635
1220,-2851.325173
1221,-3742.762324
1222,-3695.128277
1223,-3531.811548
1224,-3537.255439
1225,-3255.534079
1226,-3291.599857
1227,-3655.660068
1228,-3789.035397
1229,-3218.787815
1230,-3237.841434
1231,-3084.051513
1232,-2990.82488
1233,-3822.37923
1234,-3464.443396
1235,-3769.981779
1236,-3327.665635
1237,-3735.95746
1238,-3123.519723
1239,-3050.707681
1240,-3497.787229
1241,-3116.714859
1242,-2919.37381
1243,-3395.714273
1244,-3459.679992
1245,-3917.647322
1246,-3723.028219
1247,-3191.56836
1248,-3656.340554
1249,-3917.647322
1250,-3737.318433
1251,-3863.888898
1252,-3171.153769
1253,-3055.471085
1254,-3501.189661
1255,-2184.448525
1256,-3361.689954
1257,-2926.178674
1258,-3189.526901
1259,-3567.196839
1260,-3703.9746
1261,-3917.647322
1262,-3776.786642
1263,-3567.196839
1264,-2783.276535
1265,-3917.647322
1266,-3603.943103
1267,-3637.286936
1268,-3327.665635
1269,-3429.738591
1270,-3499.148202
1271,-3917.647322
1272,-3037.778439
1273,-3429.738591
1274,-3772.023238
1275,-3789.035397
1276,-3497.787229
1277,-3064.317408
1278,-3349.441199
1279,-3737.998919
1280,-3372.577736
1281,-3153.461123
1282,-3295.002289
1283,-3570.599271
1284,-3189.526901
1285,-3018.044335
1286,-3548.143221
1287,-3537.255439
1288,-3443.348319
1289,-3350.802172
1290,-3071.122272
1291,-3464.443396
1292,-3497.787229
1293,-3382.785031
1294,-3599.860185
1295,-3365.092386
1296,-3808.769502
1297,-3810.810961
1298,-3735.95746
1299,-3593.735808
1300,-3576.723648
1301,-2858.130037
1302,-3443.348319
1303,-3531.811548
1304,-3293.641316
1305,-3153.461123
1306,-3808.769502
1307,-3637.286936
1308,-2792.803345
1309,-3616.191858
1310,-3810.810961
1311,-2850.644686
1312,-3463.76291
1313,-3863.888898
1314,-3349.441199
1315,-2732.240057
1316,-3742.762324
1317,-2817.300854
1318,-3604.62359
1319,-3531.811548
1320,-3808.769502
1321,-3050.707681
1322,-3443.348319
1323,-3372.577736
1324,-3917.647322
1325,-3495.065283
1326,-3485.538474
1327,-3810.810961
1328,-3917.647322
1329,-3655.660068
1330,-3395.714273
1331,-3785.632965
1332,-2647.17926
1333,-2647.17926
1334,-3349.441199
1335,-3741.401351
1336,-3531.811548
1337,-3814.893879
1338,-3689.684386
1339,-3412.726432
1340,-3177.278146
1341,-3742.762324
1342,-3328.346121
1343,-3737.318433
1344,-3655.660068
1345,-3420.892268
1346,-3723.028219
1347,-3769.981779
1348,-3372.577736
1349,-3420.892268
1350,-3255.534079
1351,-3869.332789
1352,-3537.935925
1353,-3305.890071
1354,-3917.647322
1355,-3789.035397
1356,-3674.0332
1357,-3708.738005
1358,-3594.416294
1359,-3116.034373
1360,-3865.930358
1361,-3565.835866
1362,-3737.318433
1363,-3667.908822
1364,-3917.647322
1365,-3723.028219
1366,-3703.9746
1367,-3776.786642
1368,-3808.769502
1369,-3316.097367
1370,-3259.616998
1371,-3701.933141
1372,-3825.781661
1373,-3259.616998
1374,-3123.519723
1375,-3723.028219
1376,-3259.616998
1377,-2272.911754
1378,-3780.189074
1379,-3497.787229
1380,-3372.577736
1381,-3361.689954
1382,-3769.981779
1383,-3259.616998
1384,-3463.76291
1385,-3497.787229
1386,-3259.616998
1387,-3501.189661
1388,-3420.892268
1389,-3656.340554
1390,-3495.065283
1391,-3403.199623
1392,-3181.361065
1393,-3804.006097
1394,-3497.787229
1395,-3798.562206
1396,-3779.508588
1397,-3189.526901
1398,-3516.160361
1399,-3810.810961
1400,-2524.011226
1401,-3531.811548
1402,-3382.785031
1403,-3718.945301
1404,-3497.787229
1405,-3217.426842
1406,-3627.760126
1407,-3565.835866
1408,-3722.347732
1409,-2817.98134
1410,-3189.526901
1411,-3588.972403
1412,-3917.647322
1413,-2918.693324
1414,-3416.128864
1415,-3495.065283
1416,-3789.035397
1417,-3917.647322
1418,-3844.83528
1419,-3603.943103
1420,-3113.312427
1421,-3537.255439
1422,-3761.135456
1423,-3655.660068
1424,-3504.592093
1425,-3708.738005
1426,-3443.348319
1427,-3789.035397
1428,-2919.37381
1429,-3776.786642
1430,-3501.189661
1431,-3808.769502
1432,-3191.56836
1433,-3412.726432
1434,-3171.153769
1435,-3737.318433
1436,-3421.572755
1437,-3485.538474
1438,-3772.023238
1439,-3604.62359
1440,-3917.647322
1441,-3737.318433
1442,-3217.426842
1443,-3708.738005
1444,-3217.426842
1445,-3416.128864
1446,-3191.56836
1447,-3116.714859
1448,-3395.714273
1449,-3570.599271
1450,-3498.467715
1451,-3361.689954
1452,-3416.128864
1453,-3789.035397
1454,-3463.76291
1455,-3405.241082
1456,-3917.647322
1457,-3282.753534
1458,-3361.689954
1459,-3499.148202
1460,-3737.318433
1461,-2987.422448
1462,-3403.199623
1463,-3443.348319
1464,-3327.665635
1465,-3570.599271
1466,-3259.616998
1467,-3769.981779
1468,-3420.892268
1469,-3718.945301
1470,-3674.0332
1471,-3917.647322
1472,-3218.787815
1473,-3742.762324
1474,-3531.811548
1475,-3531.811548
1476,-3603.943103
1477,-3594.416294
1478,-3349.441199
1479,-3282.753534
1480,-2951.35667
1481,-3463.76291
1482,-3485.538474
1483,-3570.599271
1484,-3708.738005
1485,-3742.081837
1486,-3328.346121
1487,-3637.286936
1488,-3504.592093
1489,-3372.577736
1490,-3801.964638
1491,-3064.317408
1492,-3785.632965
1493,-3349.441199
1494,-3588.972403
1495,-3463.76291
1496,-3255.534079
1497,-3565.835866
1498,-3123.519723
1499,-3703.9746
1500,-3497.787229
1501,-3746.164756
1502,-3327.665635
1503,-3709.418491
1504,-3741.401351
1505,-3237.841434
1506,-3680.157577
1507,-3485.538474
1508,-3497.787229
1509,-3805.36707
1510,-3327.665635
1511,-2732.240057
1512,-3153.461123
1513,-3742.762324
1514,-3321.541258
1515,-3328.346121
1516,-3416.128864
1517,-2851.325173
1518,-3741.401351
1519,-3527.728629
1520,-3537.255439
1521,-3463.76291
1522,-3756.372051
1523,-3218.787815
1524,-3531.811548
1525,-3593.735808
1526,-3718.945301
1527,-3395.714273
1528,-3616.191858
1529,-3565.835866
1530,-3037.778439
1531,-3565.835866
1532,-3655.660068
1533,-3305.890071
1534,-3603.943103
1535,-2570.964786
1536,-3655.660068
1537,-3409.324
1538,-3737.318433
1539,-3633.884504
1540,-2720.671789
1541,-2924.137215
1542,-2174.24123
1543,-3282.753534
1544,-3504.592093
1545,-3838.030416
1546,-3570.599271
1547,-3737.318433
1548,-3361.689954
1549,-3499.148202
1550,-3741.401351
1551,-3703.9746
1552,-3917.647322
1553,-3655.660068
1554,-3918.327808
1555,-3501.189661
1556,-3024.168712
1557,-3742.081837
1558,-3594.416294
1559,-2525.372199
1560,-3537.255439
1561,-3708.738005
1562,-3395.714273
1563,-3038.458926
1564,-2987.422448
1565,-3723.028219
1566,-3295.682775
1567,-3531.811548
1568,-2919.37381
1569,-2517.886849
1570,-3786.993938
1571,-3863.888898
1572,-3722.347732
1573,-3637.967422
1574,-3718.945301
1575,-3779.508588
1576,-3516.160361
1577,-3599.860185
1578,-3627.760126
1579,-3395.714273
1580,-3703.9746
1581,-3599.860185
1582,-3416.128864
1583,-3504.592093
1584,-3786.993938
1585,-3189.526901
1586,-3189.526901
1587,-3463.76291
1588,-3485.538474
1589,-3703.9746
1590,-3463.76291
1591,-3412.726432
1592,-3810.810961
1593,-3825.781661
1594,-3823.059716
1595,-2489.986908
1596,-3746.164756
1597,-3742.762324
1598,-3917.647322
1599,-3637.286936
1600,-3443.348319
1601,-2973.81272
1602,-3463.76291
1603,-3463.76291
1604,-3349.441199
1605,-3443.348319
1606,-3838.030416
1607,-3123.519723
1608,-3412.726432
1609,-3785.632965
1610,-3293.641316
1611,-3561.072462
1612,-3695.128277
1613,-3527.048143
1614,-3746.164756
1615,-3237.841434
1616,-3723.028219
1617,-3742.762324
1618,-3863.888898
1619,-3395.714273
1620,-3217.426842
1621,-3128.963614
1622,-3742.081837
1623,-3735.95746
1624,-3776.786642
1625,-3789.035397
1626,-3123.519723
1627,-3037.778439
1628,-3786.993938
1629,-2522.650254
1630,-3416.128864
1631,-3917.647322
1632,-3084.051513
1633,-2783.276535
1634,-3567.196839
1635,-3567.196839
1636,-3742.762324
1637,-3825.101175
1638,-3801.964638
1639,-3495.065283
1640,-3863.888898
1641,-2918.693324
1642,-3708.738005
1643,-3637.967422
1644,-3123.519723
1645,-3293.641316
1646,-2181.046094
1647,-3037.778439
1648,-3463.76291
1649,-3259.616998
1650,-3785.632965
1651,-3463.76291
1652,-3703.9746
1653,-3779.508588
1654,-3604.62359
1655,-3838.030416
1656,-3412.726432
1657,-3838.030416
1658,-3123.519723
1659,-3633.884504
1660,-3741.401351
1661,-3603.943103
1662,-3655.660068
1663,-3372.577736
1664,-2539.662413
1665,-3531.811548
1666,-3822.37923
1667,-3056.832058
1668,-3412.726432
1669,-3463.76291
1670,-3191.56836
1671,-3412.726432
1672,-3918.327808
1673,-3825.781661
1674,-3718.945301
1675,-3327.665635
1676,-3612.789426
1677,-3497.787229
1678,-3422.933728
1679,-3463.76291
1680,-3599.860185
1681,-3050.707681
1682,-3305.890071
1683,-3779.508588
1684,-3495.065283
1685,-3436.543455
1686,-3305.890071
1687,-3328.346121
1688,-3565.835866
1689,-3603.943103
1690,-3237.841434
1691,-3838.030416
1692,-3537.255439
1693,-3153.461123
1694,-3863.888898
1695,-3735.95746
1696,-3501.189661
1697,-3237.841434
1698,-3409.324
1699,-3349.441199
1700,-3789.035397
1701,-3259.616998
1702,-3498.467715
1703,-3056.832058
1704,-3116.034373
1705,-3293.641316
1706,-3789.035397
1707,-3695.128277
1708,-3917.647322
1709,-3785.632965
1710,-3667.908822
1711,-3637.286936
1712,-3463.76291
1713,-3328.346121
1714,-2987.422448
1715,-3361.689954
1716,-3756.372051
1717,-3789.035397
1718,-3814.893879
1719,-3599.860185
1720,-2919.37381
1721,-2817.300854
1722,-3349.441199
1723,-3804.006097
1724,-2858.130037
1725,-3463.76291
1726,-3321.541258
1727,-3498.467715
1728,-3174.556201
1729,-3495.065283
1730,-2494.069826
1731,-3531.811548
1732,-3191.56836
1733,-3756.372051
1734,-3293.641316
1735,-3217.426842
1736,-2990.82488
1737,-3567.196839
1738,-3838.030416
1739,-2851.325173
1740,-2579.130623
1741,-3869.332789
1742,-3527.048143
1743,-3667.908822
1744,-3499.148202
1745,-3259.616998
1746,-3495.065283
1747,-3917.647322
1748,-3735.95746
1749,-3637.286936
1750,-3769.981779
1751,-3855.042576
1752,-3084.051513
1753,-3718.945301
1754,-3599.860185
1755,-3795.159775
1756,-3123.519723
1757,-3637.286936
1758,-2471.613776
1759,-3776.786642
1760,-2987.422448
1761,-3259.616998
1762,-3349.441199
1763,-2984.700502
1764,-3576.723648
1765,-3531.811548
1766,-3217.426842
1767,-3637.286936
1768,-2555.3136
1769,-3637.967422
1770,-3293.641316
1771,-3780.189074
1772,-3349.441199
1773,-3191.56836
1774,-2489.986908
1775,-3655.660068
1776,-3443.348319
1777,-3863.888898
1778,-3499.148202
1779,-3708.738005
1780,-3616.191858
1781,-3742.762324
1782,-3637.286936
1783,-3718.945301
1784,-3571.279757
1785,-3443.348319
1786,-3189.526901
1787,-3395.714273
1788,-3722.347732
1789,-3084.051513
1790,-3463.76291
1791,-3779.508588
1792,-3742.762324
1793,-3593.735808
1794,-3723.028219
1795,-3497.787229
1796,-3159.585501
1797,-3293.641316
1798,-3565.835866
1799,-3633.884504
1800,-3779.508588
1801,-3656.340554
1802,-3501.189661
1803,-3537.255439
1804,-3412.726432
1805,-3565.835866
1806,-3501.189661
1807,-3150.739178
1808,-3084.051513
1809,-3789.035397
1810,-3737.998919
1811,-3655.660068
1812,-3293.641316
1813,-3603.943103
1814,-3779.508588
1815,-3282.753534
1816,-2820.0228
1817,-3737.318433
1818,-3327.665635
1819,-3718.945301
1820,-2579.130623
1821,-3349.441199
1822,-3429.738591
1823,-3917.647322
1824,-3723.028219
1825,-3527.728629
1826,-3703.9746
1827,-3436.543455
1828,-3497.787229
1829,-3123.519723
1830,-3527.048143
1831,-3189.526901
1832,-3838.030416
1833,-3237.841434
1834,-3655.660068
1835,-3742.762324
1836,-3037.778439
1837,-2639.013424
1838,-3218.787815
1839,-3593.735808
1840,-3177.278146
1841,-3328.346121
1842,-3565.835866
1843,-3814.893879
1844,-3189.526901
1845,-3917.647322
1846,-3021.446766
1847,-3866.610844
1848,-3217.426842
1849,-2732.240057
1850,-3593.735808
1851,-3191.56836
1852,-3327.665635
1853,-3395.714273
1854,-3293.641316
1855,-3616.191858
1856,-3780.189074
1857,-3667.908822
1858,-3769.981779
1859,-3612.789426
1860,-3321.541258
1861,-3485.538474
1862,-3259.616998
1863,-3779.508588
1864,-3409.324
1865,-3822.37923
1866,-3735.95746
1867,-3565.835866
1868,-3409.324
1869,-3316.097367
1870,-2715.227898
1871,-3742.762324
1872,-3655.660068
1873,-3723.028219
1874,-3354.88509
1875,-3159.585501
1876,-3763.176915
1877,-3259.616998
1878,-3737.998919
1879,-3123.519723
1880,-3917.647322
1881,-2984.700502
1882,-3497.787229
1883,-3918.327808
1884,-3855.042576
1885,-3443.348319
1886,-3217.426842
1887,-3804.006097
1888,-3780.189074
1889,-3637.286936
1890,-3603.943103
1891,-3863.888898
1892,-3695.128277
1893,-3395.714273
1894,-3565.835866
1895,-2919.37381
1896,-3655.660068
1897,-3718.945301
1898,-3723.028219
1899,-3189.526901
1900,-3765.218374
1901,-3616.191858
1902,-3416.128864
1903,-3537.255439
1904,-3593.735808
1905,-3327.665635
1906,-3588.972403
1907,-3123.519723
1908,-2924.137215
1909,-2918.693324
1910,-3293.641316
1911,-3746.164756
1912,-2984.700502
1913,-3537.255439
1914,-2639.013424
1915,-3756.372051
1916,-3863.888898
1917,-3499.148202
1918,-3703.9746
1919,-3722.347732
1920,-2820.0228
1921,-3024.168712
1922,-3037.778439
1923,-3737.998919
1924,-3785.632965
1925,-3637.286936
1926,-3361.689954
1927,-3527.728629
1928,-3191.56836
1929,-3322.221744
1930,-3501.189661
1931,-3917.647322
1932,-3412.726432
1933,-3171.153769
1934,-3917.647322
1935,-3349.441199
1936,-2987.422448
1937,-3737.318433
1938,-3217.426842
1939,-3769.981779
1940,-3365.092386
1941,-3737.318433
1942,-3633.884504
1943,-3795.159775
1944,-3769.981779
1945,-3863.888898
1946,-3570.599271
1947,-3350.121685
1948,-3327.665635
1949,-3825.101175
1950,-3218.787815
1951,-3616.191858
1952,-3804.006097
1953,-3776.786642
1954,-3501.189661
1955,-3603.943103
1956,-3171.153769
1957,-3795.159775
1958,-3372.577736
1959,-3350.121685
1960,-3917.647322
1961,-3689.684386
1962,-3499.148202
1963,-3531.811548
1964,-3763.176915
1965,-3701.933141
1966,-3123.519723
1967,-3917.647322
1968,-3633.884504
1969,-3855.042576
1970,-3822.37923
1971,-2272.911754
1972,-3123.519723
1973,-3382.785031
1974,-3776.786642
1975,-3570.599271
1976,-3786.993938
1977,-3637.286936
1978,-3723.028219
1979,-3742.762324
1980,-3838.030416
1981,-3603.943103
1982,-3808.769502
1983,-3703.9746
1984,-3084.051513
1985,-3171.153769
1986,-3838.030416
1987,-3017.363848
1988,-3497.787229
1989,-3372.577736
1990,-3501.189661
1991,-3395.714273
1992,-3616.191858
1993,-3189.526901
1994,-3737.318433
1995,-3443.348319
1996,-2612.474455
1997,-3655.660068
1998,-3327.665635
1999,-3655.660068
2000,-3217.426842
2001,-3501.189661
2002,-2987.422448
2003,-3361.689954
2004,-3722.347732
2005,-3454.236101
2006,-3804.006097
2007,-3497.787229
2008,-3917.647322
2009,-3616.191858
2010,-3390.950868
2011,-3801.964638
2012,-3723.028219
2013,-3055.471085
2014,-3723.028219
2015,-3463.76291
2016,-3804.006097
2017,-3917.647322
2018,-3570.599271
2019,-3858.445007
2020,-3371.216763
2021,-3603.943103
2022,-3863.888898
2023,-3763.176915
2024,-3722.347732
2025,-3866.610844
2026,-3123.519723
2027,-2919.37381
2028,-3064.317408
2029,-3259.616998
2030,-3497.787229
2031,-3463.76291
2032,-3825.781661
2033,-3627.760126
2034,-2792.803345
2035,-3548.143221
2036,-3805.36707
2037,-3667.908822
2038,-3218.787815
2039,-2639.013424
2040,-3217.426842
2041,-3501.189661
2042,-2820.0228
2043,-3863.888898
2044,-2817.300854
2045,-3443.348319
2046,-3321.541258
2047,-2187.850957
2048,-3504.592093
2049,-3917.647322
2050,-3570.599271
2051,-3776.786642
2052,-3463.76291
2053,-3295.682775
2054,-3822.37923
2055,-3225.592679
2056,-3463.76291
2057,-3822.37923
2058,-3390.950868
2059,-3531.811548
2060,-3463.76291
2061,-3116.714859
2062,-3695.128277
2063,-3354.88509
2064,-3838.030416
2065,-3604.62359
2066,-3548.143221
2067,-3504.592093
2068,-3917.647322
2069,-3785.632965
2070,-3123.519723
2071,-3798.562206
2072,-3737.318433
2073,-3171.153769
2074,-3869.332789
2075,-3723.028219
2076,-3656.340554
2077,-3637.967422
2078,-3485.538474
2079,-3917.647322
2080,-3599.860185
2081,-3499.148202
2082,-3371.216763
2083,-3756.372051
2084,-3742.081837
2085,-3616.191858
2086,-3838.030416
2087,-3305.890071
2088,-2997.629743
2089,-3838.030416
2090,-3667.908822
2091,-3776.786642
2092,-3064.317408
2093,-3769.981779
2094,-3633.884504
2095,-3123.519723
2096,-3763.176915
2097,-3485.538474
2098,-2987.422448
2099,-3855.042576
2100,-3463.76291
2101,-3742.762324
2102,-3737.998919
2103,-3593.735808
2104,-3429.738591
2105,-3504.592093
2106,-3776.786642
2107,-3349.441199
2108,-3655.660068
2109,-3153.461123
2110,-3637.286936
2111,-3571.279757
2112,-3689.684386
2113,-2987.422448
2114,-3729.833083
2115,-3737.998919
2116,-3104.466104
2117,-3295.002289
2118,-2364.777415
2119,-3189.526901
2120,-3328.346121
2121,-3674.0332
2122,-3259.616998
2123,-3855.042576
2124,-3349.441199
2125,-3917.647322
2126,-3763.176915
2127,-3495.065283
2128,-3863.888898
2129,-3017.363848
2130,-3844.83528
2131,-3485.538474
2132,-2639.013424
2133,-3327.665635
2134,-3742.081837
2135,-2905.083596
2136,-3355.565576
2137,-3327.665635
2138,-3371.216763
2139,-3655.660068
2140,-3917.647322
2141,-3259.616998
2142,-3769.981779
2143,-3217.426842
2144,-3917.647322
2145,-3633.884504
2146,-3565.835866
2147,-3825.781661
2148,-3565.835866
2149,-3825.101175
2150,-3735.95746
2151,-3825.781661
2152,-3917.647322
2153,-3409.324
2154,-3746.164756
2155,-3463.76291
2156,-3177.278146
2157,-3361.689954
2158,-3825.781661
2159,-3349.441199
2160,-2970.410288
2161,-3443.348319
2162,-2919.37381
2163,-3295.682775
2164,-3416.128864
2165,-3838.030416
2166,-2919.37381
2167,-3293.641316
2168,-3779.508588
2169,-3603.943103
2170,-3104.466104
2171,-3495.065283
2172,-3785.632965
2173,-3723.028219
2174,-3779.508588
2175,-3171.153769
2176,-3463.76291
2177,-3328.346121
2178,-3810.810961
2179,-3064.317408
2180,-3412.726432
2181,-3282.753534
2182,-3637.967422
2183,-3217.426842
2184,-3689.684386
2185,-3305.890071
2186,-3723.028219
2187,-2973.132234
2188,-3084.051513
2189,-3476.692151
2190,-3838.030416
2191,-3189.526901
2192,-3576.723648
2193,-3217.426842
2194,-3742.762324
2195,-3776.786642
2196,-3361.689954
2197,-3537.935925
2198,-3395.714273
2199,-3038.458926
2200,-3917.647322
2201,-3779.508588
2202,-2817.300854
2203,-3413.406918
2204,-3723.028219
2205,-2421.257784
2206,-3463.76291
2207,-3416.128864
2208,-2177.643662
2209,-3504.592093
2210,-3349.441199
2211,-3785.632965
2212,-3350.121685
2213,-3567.196839
2214,-3789.035397
2215,-3917.647322
2216,-3612.789426
2217,-3123.519723
2218,-3786.993938
2219,-3497.787229
2220,-3633.884504
2221,-3191.56836
2222,-3104.466104
2223,-3372.577736
2224,-3531.811548
2225,-2596.142782
2226,-3785.632965
2227,-3718.945301
2228,-3599.860185
2229,-3463.76291
2230,-3327.665635
2231,-3463.76291
2232,-3413.406918
2233,-3863.888898
2234,-2732.240057
2235,-3237.841434
2236,-3746.164756
2237,-2987.422448
2238,-3603.943103
2239,-3761.135456
2240,-2950.676183
2241,-3295.682775
2242,-3718.945301
2243,-3531.811548
2244,-2579.130623
2245,-3531.811548
2246,-3633.884504
2247,-3776.786642
2248,-3420.892268
2249,-2984.700502
2250,-3838.030416
2251,-3123.519723
2252,-3282.753534
2253,-3497.787229
2254,-3637.286936
2255,-2489.986908
2256,-3655.660068
2257,-3789.035397
2258,-3497.787229
2259,-3531.811548
2260,-3327.665635
2261,-3633.884504
2262,-3825.781661
2263,-3737.998919
2264,-3742.762324
2265,-3463.76291
2266,-3838.030416
2267,-3171.153769
2268,-3917.647322
2269,-3742.762324
2270,-3327.665635
2271,-3123.519723
2272,-3217.426842
2273,-3548.143221
2274,-3765.218374
2275,-3633.884504
2276,-3789.035397
2277,-3328.346121
2278,-3128.963614
2279,-3537.255439
2280,-3723.028219
2281,-3064.317408
2282,-3789.035397
2283,-3795.159775
2284,-3349.441199
2285,-2987.422448
2286,-3708.738005
2287,-3153.461123
2288,-3621.635749
2289,-3565.835866
2290,-3501.189661
2291,-3395.714273
2292,-3565.835866
2293,-3603.943103
2294,-3756.372051
2295,-3798.562206
2296,-3495.065283
2297,-3356.926549
2298,-3259.616998
2299,-3499.148202
2300,-3865.930358
2301,-3627.760126
2302,-3838.030416
2303,-3917.647322
2304,-3603.943103
2305,-3390.950868
2306,-3718.945301
2307,-3531.811548
2308,-3443.348319
2309,-3123.519723
2310,-3017.363848
2311,-2732.240057
2312,-3627.760126
2313,-3785.632965
2314,-3327.665635
2315,-3593.735808
2316,-2919.37381
2317,-3017.363848
2318,-3917.647322
2319,-3218.787815
2320,-3917.647322
2321,-3667.908822
2322,-3804.006097
2323,-3084.051513
2324,-3443.348319
2325,-3825.101175
2326,-3548.143221
2327,-3917.647322
2328,-3855.042576
2329,-3804.006097
2330,-3742.762324
2331,-3689.684386
2332,-3191.56836
2333,-3237.841434
2334,-3779.508588
2335,-3917.647322
2336,-3157.544041
2337,-3703.9746
2338,-3349.441199
2339,-3917.647322
2340,-3917.647322
2341,-3917.647322
2342,-3637.286936
2343,-2477.057667
2344,-3123.519723
2345,-2751.974162
2346,-2858.130037
2347,-3463.76291
2348,-3443.348319
2349,-3295.682775
2350,-2919.37381
2351,-3548.143221
2352,-3917.647322
2353,-3349.441199
2354,-3501.189661
2355,-3395.714273
2356,-3779.508588
2357,-3789.035397
2358,-3703.9746
2359,-3863.888898
2360,-3616.191858
2361,-3293.641316
2362,-3722.347732
2363,-3567.196839
2364,-3255.534079
2365,-3588.972403
2366,-3599.860185
2367,-3443.348319
2368,-3789.035397
2369,-3327.665635
2370,-3327.665635
2371,-3570.599271
2372,-3637.286936
2373,-3349.441199
2374,-3327.665635
2375,-3703.9746
2376,-3804.006097
2377,-3037.778439
2378,-3497.787229
2379,-3217.426842
2380,-2919.37381
2381,-3499.148202
2382,-3420.892268
2383,-3371.216763
2384,-2838.395932
2385,-3395.714273
2386,-2588.657432
2387,-2984.700502
2388,-3593.735808
2389,-3293.641316
2390,-3637.286936
2391,-3463.76291
2392,-3537.255439
2393,-3742.081837
2394,-3412.726432
2395,-3840.071875
2396,-3501.189661
2397,-3283.434021
2398,-3365.092386
2399,-3603.943103
2400,-3171.153769
2401,-3737.318433
2402,-3409.324
2403,-3603.943103
2404,-3497.787229
2405,-3395.714273
2406,-3855.042576
2407,-3599.860185
2408,-3504.592093
2409,-3917.647322
2410,-3327.665635
2411,-3567.196839
2412,-3537.255439
2413,-3735.95746
2414,-3104.466104
2415,-3593.735808
2416,-3858.445007
2417,-3723.028219
2418,-3361.689954
2419,-3655.660068
2420,-3443.348319
2421,-3501.189661
2422,-2579.130623
2423,-3742.762324
2424,-3769.981779
2425,-3633.884504
2426,-2259.302027
2427,-3037.778439
2428,-3321.541258
2429,-3689.684386
2430,-3504.592093
2431,-3844.83528
2432,-3765.218374
2433,-2997.629743
2434,-3555.628571
2435,-3463.76291
2436,-3259.616998
2437,-3190.207387
2438,-3786.993938
2439,-3395.714273
2440,-2817.300854
2441,-3497.787229
2442,-3825.781661
2443,-3516.160361
2444,-3412.726432
2445,-3017.363848
2446,-3708.738005
2447,-3361.689954
2448,-3321.541258
2449,-3429.738591
2450,-3561.072462
2451,-3593.735808
2452,-3356.926549
2453,-2647.17926
2454,-3443.348319
2455,-3789.035397
2456,-3328.346121
2457,-3735.95746
2458,-3616.191858
2459,-3116.714859
2460,-3497.787229
2461,-3038.458926
2462,-3722.347732
2463,-3497.787229
2464,-3295.002289
2465,-3463.76291
2466,-3537.255439
2467,-3840.071875
2468,-3531.811548
2469,-3255.534079
2470,-3735.95746
2471,-3409.324
2472,-3723.028219
2473,-3655.660068
2474,-3037.778439
2475,-3495.065283
2476,-3537.255439
2477,-3361.689954
2478,-3674.0332
2479,-3858.445007
2480,-3055.471085
2481,-3814.893879
2482,-3217.426842
2483,-2951.35667
2484,-3866.610844
2485,-3372.577736
2486,-3917.647322
2487,-3570.599271
2488,-3876.137653
2489,-3361.689954
2490,-3701.933141
2491,-3603.943103
2492,-3742.762324
2493,-3917.647322
2494,-3191.56836
2495,-3304.529098
2496,-3917.647322
2497,-3680.157577
2498,-3789.035397
2499,-3123.519723
2500,-3735.95746
2501,-3055.471085
2502,-2987.422448
2503,-3104.466104
2504,-3463.76291
2505,-3627.760126
2506,-3548.143221
2507,-2647.17926
2508,-3324.94369
2509,-3565.835866
2510,-2612.474455
2511,-3718.945301
2512,-3218.787815
2513,-3722.347732
2514,-3780.189074
2515,-3735.95746
2516,-3497.787229
2517,-2524.011226
2518,-3390.950868
2519,-3838.030416
2520,-3327.665635
2521,-3189.526901
2522,-3718.945301
2523,-3084.051513
2524,-3565.835866
2525,-3779.508588
2526,-2905.083596
2527,-3171.153769
2528,-3421.572755
2529,-3499.148202
2530,-3018.044335
2531,-2984.700502
2532,-3422.933728
2533,-3531.811548
2534,-3795.159775
2535,-3454.236101
2536,-3361.689954
2537,-3565.835866
2538,-3708.738005
2539,-3412.726432
2540,-3633.884504
2541,-3917.647322
2542,-3565.835866
2543,-3123.519723
2544,-3869.332789
2545,-3863.888898
2546,-3603.943103
2547,-3159.585501
2548,-3917.647322
2549,-3718.945301
2550,-3776.786642
2551,-3153.461123
2552,-3531.811548
2553,-3350.121685
2554,-3217.426842
2555,-3656.340554
2556,-3090.856377
2557,-3599.860185
2558,-3395.714273
2559,-3737.318433
2560,-3269.143807
2561,-3463.76291
2562,-3917.647322
2563,-3531.811548
2564,-3918.327808
2565,-3722.347732
2566,-3825.781661
2567,-3150.739178
2568,-3603.943103
2569,-3780.189074
2570,-3615.511372
2571,-3838.030416
2572,-2772.388753
2573,-3917.647322
2574,-3708.738005
2575,-3789.035397
2576,-3350.802172
2577,-3306.570557
2578,-3497.787229
2579,-2641.054883
2580,-3237.841434
2581,-3123.519723
2582,-3825.781661
2583,-3917.647322
2584,-3917.647322
2585,-3735.95746
2586,-3588.972403
2587,-3282.753534
2588,-3531.811548
2589,-3865.930358
2590,-3769.981779
2591,-3171.153769
2592,-3761.135456
2593,-3742.762324
2594,-2820.0228
2595,-3701.933141
2596,-2817.300854
2597,-2612.474455
2598,-3497.787229
2599,-3037.778439
2600,-3746.164756
2601,-3531.811548
2602,-3565.835866
2603,-3588.972403
2604,-3327.665635
2605,-3603.943103
2606,-3844.83528
2607,-3531.811548
2608,-3823.059716
2609,-3429.738591
2610,-3718.945301
2611,-3259.616998
2612,-3548.143221
2613,-3680.157577
2614,-3104.466104
2615,-3722.347732
2616,-3463.76291
2617,-3765.218374
2618,-3017.363848
2619,-3858.445007
2620,-3413.406918
2621,-3655.660068
2622,-3737.998919
2623,-3655.660068
2624,-3395.714273
2625,-3616.191858
2626,-3561.072462
2627,-3599.860185
2628,-3604.62359
2629,-3191.56836
2630,-3237.841434
2631,-3722.347732
2632,-3742.762324
2633,-3531.811548
2634,-3742.762324
2635,-3327.665635
2636,-3708.738005
2637,-3742.762324
2638,-3917.647322
2639,-3637.286936
2640,-3667.908822
2641,-3737.998919
2642,-3294.321803
2643,-3703.9746
2644,-3361.689954
2645,-3252.131648
2646,-3798.562206
2647,-3501.189661
2648,-3604.62359
2649,-3804.006097
2650,-3769.981779
2651,-3703.9746
2652,-3382.785031
2653,-3420.892268
2654,-3429.738591
2655,-3365.092386
2656,-3808.769502
2657,-3722.347732
2658,-3603.943103
2659,-3840.071875
2660,-3825.101175
2661,-3723.028219
2662,-3463.76291
2663,-3709.418491
2664,-3123.519723
2665,-3825.781661
2666,-3504.592093
2667,-3742.762324
2668,-3361.689954
2669,-3633.884504
2670,-2892.154355
2671,-3395.714273
2672,-3321.541258
2673,-3742.762324
2674,-3917.647322
2675,-3537.255439
2676,-3153.461123
2677,-3498.467715
2678,-3412.726432
2679,-3742.762324
2680,-3050.707681
2681,-2919.37381
2682,-3218.787815
2683,-2525.372199
2684,-3501.189661
2685,-3655.660068
2686,-3189.526901
2687,-3855.042576
2688,-3084.051513
2689,-3361.689954
2690,-3769.981779
2691,-3371.216763
2692,-3565.835866
2693,-3395.714273
2694,-3191.56836
2695,-3548.143221
2696,-2758.779026
2697,-3637.286936
2698,-3355.565576
2699,-3463.76291
2700,-3293.641316
2701,-3604.62359
2702,-3412.726432
2703,-2919.37381
2704,-3084.051513
2705,-3361.689954
2706,-3531.811548
2707,-3293.641316
2708,-3499.148202
2709,-3621.635749
2710,-3443.348319
2711,-3565.835866
2712,-3295.682775
2713,-2919.37381
2714,-3729.833083
2715,-3527.048143
2716,-3779.508588
2717,-3217.426842
2718,-3637.286936
2719,-3822.37923
2720,-2639.013424
2721,-3708.738005
2722,-3349.441199
2723,-3917.647322
2724,-3463.76291
2725,-3412.726432
2726,-3789.035397
2727,-3655.660068
2728,-3237.841434
2729,-3599.860185
2730,-3822.37923
2731,-3855.042576
2732,-3765.218374
2733,-3917.647322
2734,-3918.327808
2735,-3786.993938
2736,-3695.128277
2737,-3599.860185
2738,-3443.348319
2739,-3327.665635
2740,-3829.184093
2741,-3361.689954
2742,-3531.811548
2743,-3918.327808
2744,-3742.762324
2745,-3742.762324
2746,-3616.191858
2747,-3113.312427
2748,-2987.422448
2749,-3420.892268
2750,-3599.860185
2751,-3372.577736
2752,-3917.647322
2753,-3123.519723
2754,-3090.856377
2755,-3588.972403
2756,-3735.95746
2757,-3531.811548
2758,-2954.759102
2759,-3361.689954
2760,-3191.56836
2761,-3633.884504
2762,-3499.148202
2763,-3604.62359
2764,-3395.714273
2765,-3855.042576
2766,-3789.035397
2767,-3537.255439
2768,-3463.76291
2769,-3372.577736
2770,-3779.508588
2771,-3372.577736
2772,-2685.286497
2773,-3779.508588
2774,-3737.318433
2775,-3189.526901
2776,-3823.059716
2777,-3599.860185
2778,-3501.189661
2779,-3259.616998
2780,-3327.665635
2781,-2545.106304
2782,-3917.647322
2783,-3876.137653
2784,-3918.327808
2785,-3570.599271
2786,-3798.562206
2787,-3655.660068
2788,-3463.76291
2789,-3865.930358
2790,-3409.324
2791,-3863.888898
2792,-3372.577736
2793,-3763.176915
2794,-3656.340554
2795,-3395.714273
2796,-3485.538474
2797,-2820.0228
2798,-3742.762324
2799,-3181.361065
2800,-3637.286936
2801,-3017.363848
2802,-3123.519723
2803,-2522.650254
2804,-3548.143221
2805,-3328.346121
2806,-3655.660068
2807,-3737.318433
2808,-3917.647322
2809,-3667.908822
2810,-3708.738005
2811,-3789.035397
2812,-3037.778439
2813,-3599.860185
2814,-3588.972403
2815,-3869.332789
2816,-2973.81272
2817,-3255.534079
2818,-3171.153769
2819,-3795.159775
2820,-3838.030416
2821,-3615.511372
2822,-3420.892268
2823,-3722.347732
2824,-3838.030416
2825,-3808.769502
2826,-2984.700502
2827,-3742.762324
2828,-2987.422448
2829,-3786.993938
2830,-3656.340554
2831,-3616.191858
2832,-3612.789426
2833,-3497.787229
2834,-3443.348319
2835,-3772.023238
2836,-2654.66461
2837,-3497.787229
2838,-3255.534079
2839,-3531.811548
2840,-3537.255439
2841,-3571.279757
2842,-3723.028219
2843,-3327.665635
2844,-3917.647322
2845,-3808.769502
2846,-3395.714273
2847,-3667.908822
2848,-3723.028219
2849,-2905.083596
2850,-3038.458926
2851,-3422.933728
2852,-3293.641316
2853,-3917.647322
2854,-3599.860185
2855,-3412.726432
2856,-3865.930358
2857,-3656.340554
2858,-3667.908822
2859,-2732.240057
2860,-3497.787229
2861,-3037.778439
2862,-3785.632965
2863,-3708.738005
2864,-3742.081837
2865,-3395.714273
2866,-2522.650254
2867,-3365.092386
2868,-3621.635749
2869,-3153.461123
2870,-3795.159775
2871,-3571.279757
2872,-3780.189074
2873,-3181.361065
2874,-3858.445007
2875,-3746.164756
2876,-3567.196839
2877,-3869.332789
2878,-3395.714273
2879,-3259.616998
2880,-3123.519723
2881,-3531.811548
2882,-3838.030416
2883,-3769.981779
2884,-3863.888898
2885,-3756.372051
2886,-3656.340554
2887,-3737.318433
2888,-3349.441199
2889,-3327.665635
2890,-3594.416294
2891,-3656.340554
2892,-3305.890071
2893,-3217.426842
2894,-3656.340554
2895,-3531.811548
2896,-3356.926549
2897,-2545.106304
2898,-3510.035984
2899,-3742.762324
2900,-3038.458926
2901,-3191.56836
2902,-3237.841434
2903,-3350.802172
2904,-3869.332789
2905,-3570.599271
2906,-3655.660068
2907,-3255.534079
2908,-3917.647322
2909,-3416.128864
2910,-3917.647322
2911,-3742.762324
2912,-3718.945301
2913,-2792.803345
2914,-3865.930358
2915,-3463.76291
2916,-2388.594438
2917,-3038.458926
2918,-3497.787229
2919,-3571.279757
2920,-3737.998919
2921,-3776.786642
2922,-3735.95746
2923,-3463.76291
2924,-3621.635749
2925,-3237.841434
2926,-3191.56836
2927,-3866.610844
2928,-3537.255439
2929,-2987.422448
2930,-3737.998919
2931,-3789.035397
2932,-3499.148202
2933,-3633.884504
2934,-3570.599271
2935,-3637.967422
2936,-3603.943103
2937,-3327.665635
2938,-3349.441199
2939,-3763.176915
2940,-3497.787229
2941,-3123.519723
2942,-3537.935925
2943,-3616.191858
2944,-3823.059716
2945,-3763.176915
2946,-3823.059716
2947,-3869.332789
2948,-3805.36707
2949,-2817.300854
2950,-3084.051513
2951,-3420.892268
2952,-3603.943103
2953,-3321.541258
2954,-2987.422448
2955,-3780.189074
2956,-3327.665635
2957,-3531.811548
2958,-3501.189661
2959,-3412.726432
2960,-3822.37923
2961,-3493.704311
2962,-3177.278146
2963,-3416.128864
2964,-3463.76291
2965,-3037.778439
2966,-3361.689954
2967,-3723.028219
2968,-3349.441199
2969,-3633.884504
2970,-3237.841434
2971,-3570.599271
2972,-3395.714273
2973,-3565.835866
2974,-3838.030416
2975,-3604.62359
2976,-3372.577736
2977,-3548.143221
2978,-3372.577736
2979,-3255.534079
2980,-2851.325173
2981,-3361.689954
2982,-3282.753534
2983,-3825.101175
2984,-3463.76291
2985,-3917.647322
2986,-3259.616998
2987,-3255.534079
2988,-3805.36707
2989,-3328.346121
2990,-3603.943103
2991,-3825.101175
2992,-3259.616998
2993,-3354.88509
2994,-3171.153769
2995,-3217.426842
2996,-3283.434021
2997,-2325.309205
2998,-3772.023238
2999,-2951.35667
3000,-3808.769502
3001,-3497.787229
3002,-3742.762324
3003,-3056.832058
3004,-3565.835866
3005,-3742.762324
3006,-2919.37381
3007,-3742.762324
3008,-3293.641316
3009,-3283.434021
3010,-3531.811548
3011,-3531.811548
3012,-3123.519723
3013,-3328.346121
3014,-3421.572755
3015,-3084.051513
3016,-3056.832058
3017,-3795.159775
3018,-2184.448525
3019,-3269.143807
3020,-3785.632965
3021,-3412.726432
3022,-3497.787229
3023,-3372.577736
3024,-3599.860185
3025,-3495.065283
3026,-3305.890071
3027,-3779.508588
3028,-3917.647322
3029,-3071.122272
3030,-3361.689954
3031,-3776.786642
3032,-3153.461123
3033,-3729.833083
3034,-3718.945301
3035,-3537.255439
3036,-2494.069826
3037,-3746.164756
3038,-3786.993938
3039,-3708.738005
3040,-3537.935925
3041,-3742.081837
3042,-2984.700502
3043,-3497.787229
3044,-3420.892268
3045,-3395.714273
3046,-3504.592093
3047,-3786.993938
3048,-3531.811548
3049,-3422.933728
3050,-3064.317408
3051,-3637.286936
3052,-3395.714273
3053,-3742.762324
3054,-3237.841434
3055,-3412.726432
3056,-3779.508588
3057,-3737.318433
3058,-3282.753534
3059,-3789.035397
3060,-3593.735808
3061,-3259.616998
3062,-3237.841434
3063,-3603.943103
3064,-3708.738005
3065,-3327.665635
3066,-3776.786642
3067,-3037.778439
3068,-3504.592093
3069,-3354.88509
3070,-3599.860185
3071,-3123.519723
3072,-3429.738591
3073,-3463.76291
3074,-3810.810961
3075,-3742.762324
3076,-3742.762324
3077,-3395.714273
3078,-3593.735808
3079,-3293.641316
3080,-3723.028219
3081,-3570.599271
3082,-3463.76291
3083,-3218.787815
3084,-3656.340554
3085,-2987.422448
3086,-3863.888898
3087,-3497.787229
3088,-3283.434021
3089,-3550.18468
3090,-3123.519723
3091,-3429.738591
3092,-3463.76291
3093,-3537.255439
3094,-3603.943103
3095,-3409.324
3096,-3570.599271
3097,-2840.437391
3098,-3917.647322
3099,-3838.030416
3100,-3869.332789
3101,-3322.221744
3102,-3863.888898
3103,-3516.160361
3104,-3742.762324
3105,-3655.660068
3106,-3722.347732
3107,-3838.030416
3108,-3742.762324
3109,-3354.88509
3110,-3655.660068
3111,-3627.760126
3112,-3064.317408
3113,-3855.042576
3114,-3443.348319
3115,-3463.76291
3116,-3501.189661
3117,-3237.841434
3118,-3548.143221
3119,-3499.148202
3120,-3495.065283
3121,-3395.714273
3122,-3501.189661
3123,-3412.726432
3124,-3565.835866
3125,-3703.9746
3126,-3761.135456
3127,-3866.610844
3128,-3865.930358
3129,-3181.361065
3130,-3779.508588
3131,-3104.466104
3132,-3656.340554
3133,-3570.599271
3134,-3655.660068
3135,-3531.811548
3136,-3321.541258
3137,-3354.88509
3138,-3723.028219
3139,-3876.137653
3140,-3570.599271
3141,-3537.255439
3142,-3801.964638
3143,-3260.297484
3144,-3361.689954
3145,-3616.191858
3146,-3865.930358
3147,-3701.933141
3148,-3422.933728
3149,-3746.164756
3150,-3291.599857
3151,-3742.081837
3152,-3615.511372
3153,-3531.811548
3154,-3718.945301
3155,-3382.785031
3156,-3504.592093
3157,-3863.888898
3158,-3917.647322
3159,-3810.810961
3160,-3537.255439
3161,-2951.35667
3162,-3382.785031
3163,-2951.35667
3164,-3869.332789
3165,-3795.159775
3166,-3443.348319
3167,-3361.689954
3168,-3191.56836
3169,-3655.660068
3170,-3769.981779
3171,-3501.189661
3172,-3918.327808
3173,-3420.892268
3174,-2654.66461
3175,-3808.769502
3176,-3780.189074
3177,-3531.811548
3178,-3616.191858
3179,-3412.726432
3180,-3037.778439
3181,-3737.318433
3182,-3499.148202
3183,-3497.787229
3184,-3403.199623
3185,-3361.689954
3186,-3516.160361
3187,-3153.461123
3188,-3463.76291
3189,-2174.24123
3190,-2919.37381
3191,-3637.286936
3192,-3412.726432
3193,-3463.76291
3194,-3463.76291
3195,-3123.519723
3196,-3153.461123
3197,-3371.216763
3198,-3493.704311
3199,-3413.406918
3200,-3123.519723
3201,-3395.714273
3202,-3495.065283
3203,-3259.616998
3204,-3746.164756
3205,-3056.832058
3206,-3350.802172
3207,-3863.888898
3208,-3789.035397
3209,-3779.508588
3210,-3255.534079
3211,-3283.434021
3212,-2937.746942
3213,-3439.265401
3214,-3090.856377
3215,-3090.856377
3216,-3413.406918
3217,-2409.009029
3218,-3737.318433
3219,-3501.189661
3220,-3056.832058
3221,-3056.832058
3222,-3295.002289
3223,-3123.519723
3224,-3814.893879
3225,-3321.541258
3226,-3255.534079
3227,-3531.811548
3228,-3189.526901
3229,-2325.309205
3230,-3255.534079
3231,-3354.88509
3232,-3356.926549
3233,-3420.892268
3234,-3189.526901
3235,-2511.081985
3236,-3104.466104
3237,-3531.811548
3238,-2867.656846
3239,-3255.534079
3240,-3772.023238
3241,-3128.963614
3242,-3322.221744
3243,-3412.726432
3244,-3570.599271
3245,-2647.17926
3246,-3550.18468
3247,-3735.95746
3248,-3259.616998
3249,-3567.196839
3250,-3656.340554
3251,-3565.835866
3252,-3037.778439
3253,-3321.541258
3254,-3255.534079
3255,-2705.701089
3256,-3603.943103
3257,-3822.37923
3258,-3463.76291
3259,-3322.221744
3260,-3789.035397
3261,-3327.665635
3262,-3412.726432
3263,-3603.943103
3264,-3354.88509
3265,-3321.541258
3266,-2589.337918
3267,-3637.286936
3268,-3637.967422
3269,-3735.95746
3270,-2489.986908
3271,-3823.059716
3272,-3361.689954
3273,-3504.592093
3274,-3361.689954
3275,-2758.779026
3276,-3123.519723
3277,-3805.36707
3278,-3420.892268
3279,-3321.541258
3280,-3324.94369
3281,-3918.327808
3282,-2522.650254
3283,-3497.787229
3284,-3594.416294
3285,-3157.544041
3286,-3324.94369
3287,-3255.534079
3288,-3055.471085
3289,-3464.443396
3290,-3413.406918
3291,-3531.811548
3292,-3459.679992
3293,-3257.575539
3294,-3594.416294
3295,-2545.106304
3296,-3295.682775
3297,-3527.728629
3298,-3056.832058
3299,-3153.461123
3300,-3737.318433
3301,-3413.406918
3302,-3189.526901
3303,-3225.592679
3304,-2984.700502
3305,-3321.541258
3306,-3917.647322
3307,-2919.37381
3308,-2758.779026
3309,-3189.526901
3310,-3603.943103
3311,-3356.926549
3312,-3493.704311
3313,-3779.508588
3314,-3637.286936
3315,-3497.787229
3316,-3497.787229
3317,-3708.738005
3318,-3825.781661
3319,-3189.526901
3320,-3355.565576
3321,-3181.361065
3322,-3708.738005
3323,-3463.76291
3324,-3737.318433
3325,-3421.572755
3326,-3327.665635
3327,-2958.161534
3328,-3463.76291
3329,-2758.779026
3330,-3746.164756
3331,-3863.888898
3332,-3321.541258
3333,-3463.76291
3334,-3321.541258
3335,-2820.0228
3336,-2758.779026
3337,-3395.714273
3338,-3603.943103
3339,-3637.286936
3340,-3746.164756
3341,-3123.519723
3342,-3493.704311
3343,-3917.647322
3344,-3255.534079
3345,-3050.707681
3346,-3225.592679
3347,-3493.704311
3348,-2984.700502
3349,-3256.214566
3350,-3396.394759
3351,-3189.526901
3352,-3633.884504
3353,-3454.236101
3354,-3291.599857
3355,-3495.065283
3356,-3295.682775
3357,-3723.028219
3358,-2654.66461
3359,-3527.048143
3360,-3123.519723
3361,-3056.832058
3362,-3746.164756
3363,-2579.130623
3364,-3191.56836
3365,-3633.884504
3366,-3527.048143
3367,-3128.963614
3368,-3356.926549
3369,-3123.519723
3370,-2990.82488
3371,-3865.930358
3372,-3181.361065
3373,-3420.892268
3374,-3463.76291
3375,-2984.700502
3376,-2924.137215
3377,-3354.88509
3378,-2987.422448
3379,-3056.832058
3380,-3395.714273
3381,-3153.461123
3382,-3627.760126
3383,-3259.616998
3384,-2858.130037
3385,-3321.541258
3386,-3603.943103
3387,-3356.926549
3388,-3396.394759
3389,-3324.94369
3390,-3537.255439
3391,-3225.592679
3392,-3637.286936
3393,-3412.726432
3394,-2867.656846
3395,-3464.443396
3396,-3354.88509
3397,-3412.726432
3398,-3865.930358
3399,-3356.926549
3400,-3181.361065
3401,-3356.926549
3402,-3255.534079
3403,-3603.943103
3404,-3655.660068
3405,-3776.786642
3406,-3527.048143
3407,-3217.426842
3408,-3293.641316
3409,-3789.035397
3410,-3321.541258
3411,-3746.164756
3412,-2984.700502
3413,-3327.665635
3414,-3789.035397
3415,-3570.599271
3416,-3050.707681
3417,-3322.221744
3418,-3550.18468
3419,-2990.82488
3420,-2987.422448
3421,-3255.534079
3422,-2184.448525
3423,-3420.892268
3424,-3361.689954
3425,-3055.471085
3426,-2423.979729
3427,-3742.762324
3428,-3255.534079
3429,-3190.207387
3430,-3718.945301
3431,-3616.191858
3432,-3637.286936
3433,-3159.585501
3434,-3599.860185
3435,-3116.714859
3436,-3603.943103
3437,-2792.803345
3438,-2858.130037
3439,-3050.707681
3440,-2924.137215
3441,-3218.787815
3442,-3189.526901
3443,-3495.065283
3444,-3527.048143
3445,-3259.616998
3446,-3565.835866
3447,-3421.572755
3448,-3737.318433
3449,-3257.575539
3450,-3604.62359
3451,-2990.82488
3452,-3189.526901
3453,-3189.526901
3454,-3718.945301
3455,-3786.993938
3456,-3550.18468
3457,-3603.943103
3458,-3594.416294
3459,-2924.137215
3460,-3291.599857
3461,-3291.599857
3462,-3159.585501
3463,-2325.309205
3464,-3548.143221
3465,-3189.526901
3466,-2687.327956
3467,-2838.395932
3468,-3603.943103
3469,-3189.526901
3470,-3181.361065
3471,-3804.006097
3472,-3327.665635
3473,-3637.967422
3474,-3476.692151
3475,-3153.461123
3476,-3493.704311
3477,-3443.348319
3478,-3463.76291
3479,-3863.888898
3480,-3084.051513
3481,-2792.803345
3482,-2732.240057
3483,-3356.926549
3484,-3321.541258
3485,-2621.320778
3486,-3191.56836
3487,-3356.926549
3488,-3181.361065
3489,-3459.679992
3490,-2820.0228
3491,-2924.137215
3492,-2259.302027
3493,-3321.541258
3494,-3056.832058
3495,-2325.309205
3496,-3420.892268
3497,-3637.967422
3498,-3527.048143
3499,-2647.17926
3500,-3189.526901
3501,-2193.975335
3502,-3024.168712
3503,-3497.787229
3504,-3917.647322
3505,-3191.56836
3506,-2327.350664
3507,-2423.979729
3508,-3321.541258
3509,-3361.689954
3510,-3128.963614
3511,-3604.62359
3512,-3570.599271
3513,-3421.572755
3514,-2820.0228
3515,-3382.785031
3516,-2838.395932
3517,-3722.347732
3518,-3454.236101
3519,-3356.926549
3520,-3037.778439
3521,-3256.214566
3522,-3327.665635
3523,-3322.221744
3524,-3356.926549
3525,-2732.240057
3526,-3537.935925
3527,-2858.130037
3528,-3356.926549
3529,-3510.035984
3530,-3321.541258
3531,-3255.534079
3532,-3463.76291
3533,-3153.461123
3534,-3356.926549
3535,-3295.002289
3536,-3291.599857
3537,-3257.575539
3538,-3191.56836
3539,-3627.760126
3540,-3616.191858
3541,-3561.072462
3542,-3463.76291
3543,-3024.168712
3544,-3680.157577
3545,-3171.153769
3546,-3191.56836
3547,-3050.707681
3548,-3291.599857
3549,-2687.327956
3550,-3217.426842
3551,-3390.950868
3552,-3565.835866
3553,-2443.033348
3554,-3327.665635
3555,-3321.541258
3556,-3255.534079
3557,-3191.56836
3558,-2792.803345
3559,-3463.76291
3560,-3570.599271
3561,-3420.892268
3562,-3789.035397
3563,-3355.565576
3564,-3510.035984
3565,-3255.534079
3566,-2589.337918
3567,-2892.154355
3568,-3637.286936
3569,-3493.704311
3570,-3295.002289
3571,-3171.153769
3572,-2588.657432
3573,-3603.943103
3574,-2867.656846
3575,-3772.023238
3576,-3420.892268
3577,-3464.443396
3578,-3259.616998
3579,-3493.704311
3580,-3510.035984
3581,-3128.963614
3582,-3171.153769
3583,-3191.56836
3584,-3527.728629
3585,-3637.286936
3586,-3256.214566
3587,-3356.926549
3588,-3570.599271
3589,-3159.585501
3590,-3476.692151
3591,-3548.143221
3592,-3295.682775
3593,-3866.610844
3594,-3181.361065
3595,-3217.426842
3596,-3537.935925
3597,-3548.143221
3598,-3321.541258
3599,-2588.657432
3600,-3570.599271
3601,-3189.526901
3602,-3396.394759
3603,-3476.692151
3604,-3463.76291
3605,-3190.207387
3606,-3116.714859
3607,-2458.004048
3608,-3416.128864
3609,-3257.575539
3610,-2820.0228
3611,-3050.707681
3612,-3056.832058
3613,-3189.526901
3614,-3354.88509
3615,-3567.196839
3616,-3056.832058
3617,-3416.128864
3618,-3917.647322
3619,-3257.575539
3620,-3128.963614
3621,-3567.196839
3622,-3356.926549
3623,-3420.892268
3624,-3090.856377
3625,-3495.065283
3626,-3463.76291
3627,-2792.803345
3628,-3295.002289
3629,-2187.170471
3630,-3421.572755
3631,-3255.534079
3632,-3422.933728
3633,-3421.572755
3634,-3050.707681
3635,-2817.300854
3636,-3189.526901
3637,-3356.926549
3638,-3259.616998
3639,-3637.286936
3640,-3412.726432
3641,-3189.526901
3642,-3604.62359
3643,-3421.572755
3644,-3191.56836
3645,-3464.443396
3646,-3349.441199
3647,-3321.541258
3648,-3390.950868
3649,-3321.541258
3650,-3189.526901
3651,-3789.035397
3652,-3527.048143
3653,-2579.130623
3654,-2327.350664
3655,-3603.943103
3656,-3295.002289
3657,-3497.787229
3658,-3324.94369
3659,-2924.137215
3660,-3537.255439
3661,-3355.565576
3662,-2918.693324
3663,-2851.325173
3664,-3594.416294
3665,-3561.072462
3666,-3189.526901
3667,-3776.786642
3668,-2918.693324
3669,-3570.599271
3670,-3349.441199
3671,-3527.048143
3672,-3189.526901
3673,-3412.726432
3674,-3420.892268
3675,-3159.585501
3676,-3189.526901
3677,-3823.059716
3678,-3295.682775
3679,-3593.735808
3680,-3090.856377
3681,-2858.130037
3682,-3537.935925
3683,-3493.704311
3684,-3257.575539
3685,-3327.665635
3686,-2654.66461
3687,-3255.534079
3688,-2858.130037
3689,-3527.048143
3690,-3356.926549
3691,-3603.943103
3692,-2555.3136
3693,-3128.963614
3694,-3570.599271
3695,-3476.692151
3696,-3257.575539
3697,-3295.682775
3698,-3786.993938
3699,-3599.860185
3700,-3181.361065
3701,-3255.534079
3702,-3324.94369
3703,-2990.82488
3704,-3531.811548
3705,-2987.422448
3706,-3550.18468
3707,-3395.714273
3708,-2732.240057
3709,-3259.616998
3710,-3350.121685
3711,-3603.943103
3712,-3825.781661
3713,-2924.137215
3714,-3493.704311
3715,-3390.950868
3716,-2838.395932
3717,-3056.832058
3718,-3823.059716
3719,-3413.406918
3720,-2820.0228
3721,-3413.406918
3722,-3765.218374
3723,-3637.286936
3724,-3656.340554
3725,-2489.986908
3726,-3548.143221
3727,-2751.974162
3728,-3576.723648
3729,-2858.130037
3730,-3421.572755
3731,-3218.787815
3732,-3567.196839
3733,-3321.541258
3734,-3567.196839
3735,-3476.692151
3736,-3593.735808
3737,-3327.665635
3738,-3050.707681
3739,-2525.372199
3740,-3157.544041
3741,-3737.318433
3742,-3421.572755
3743,-3257.575539
3744,-3128.963614
3745,-3372.577736
3746,-2858.130037
3747,-2838.395932
3748,-2654.66461
3749,-3255.534079
3750,-3527.728629
3751,-3255.534079
3752,-3789.035397
3753,-3497.787229
3754,-3537.255439
3755,-3128.963614
3756,-3354.88509
3757,-3255.534079
3758,-3321.541258
3759,-2523.33074
3760,-3361.689954
3761,-3321.541258
3762,-2177.643662
3763,-2958.161534
3764,-3422.933728
3765,-3295.682775
3766,-3531.811548
3767,-3789.035397
3768,-3259.616998
3769,-3255.534079
3770,-2987.422448
3771,-3116.714859
3772,-3616.191858
3773,-2522.650254
3774,-2990.82488
3775,-3189.526901
3776,-3493.704311
3777,-3159.585501
3778,-3256.214566
3779,-3055.471085
3780,-3537.935925
3781,-3295.002289
3782,-3656.340554
3783,-3128.963614
3784,-3084.051513
3785,-3501.189661
3786,-3722.347732
3787,-2820.0228
3788,-3259.616998
3789,-3255.534079
3790,-3191.56836
3791,-3722.347732
3792,-2792.803345
3793,-3863.888898
3794,-3603.943103
3795,-3322.221744
3796,-3128.963614
3797,-3189.526901
3798,-3055.471085
3799,-3814.893879
3800,-2984.700502
3801,-3464.443396
3802,-3501.189661
3803,-2792.803345
3804,-2489.306421
3805,-3567.196839
3806,-3501.189661
3807,-3050.707681
3808,-3463.76291
3809,-3497.787229
3810,-3703.9746
3811,-3356.926549
3812,-3604.62359
3813,-3567.196839
3814,-3413.406918
3815,-3531.811548
3816,-2817.300854
3817,-3128.963614
3818,-3050.707681