id,Predicted
1,0.0006138422525633294
2,0.0019211273142612755
3,0.000161179253229952
4,0.00018141388207555206
5,0.7749776168154354
6,0.7934690795759307
7,0.00016841819343585922
8,0.002452774860002528
9,0.0002583372366207112
10,0.38516805061370657
11,0.9369520565272963
12,0.9470870544707126
13,0.21945541908081057
14,0.07515092198891851
15,0.0001852498801717374
16,0.3581993254055176
17,0.11468354035664473
18,0.00015659532146423063
19,0.0017276368484934398
20,0.00038518348258823705
21,0.09110562285677642
22,0.1377609445861127
23,0.0002510797292587505
24,0.5046306909522689
25,0.08858538077696711
26,0.08371082892244218
27,0.0003319393515654488
28,0.638154053382825
29,0.8012642340083418
30,0.00014746506059870422
31,0.0001965628078057171
32,0.0002346465876784274
33,0.8054312050612084
34,0.09518516820622952
35,0.0002444233786861143
36,0.0001681539934094211
37,0.0018486511596962334
38,0.0006310073867672366
39,0.0005606466747303852
40,0.7929449149492999
41,0.00028582699225879123
42,0.00015785328405554453
43,0.7288571981057385
44,0.00027738184901654646
45,0.00015414436283777832
46,0.00038859453894901565
47,0.00043615112324855916
48,0.0007843632277697272
49,0.0973350564626607
50,0.0005200525094456494
51,0.8711116400559586
52,0.38887109755455845
53,0.3358505505360635
54,0.0007909127725644975
55,0.0003848563242063453
56,0.6605358044830887
57,0.0007344417657370988
58,0.2583515950774382
59,0.00026961674425306817
60,0.00027872483852334434
61,0.47684428383718214
62,0.00013962529587593754
63,0.06844985523947375
64,0.00036110965797169045
65,0.000429963219253305
66,0.07341371672186434
67,0.00031374058600549957
68,0.00022365520963661323
69,0.3064573842374078
70,0.0003531498901464382
71,0.00039315056422384694
72,0.6033686515971634
73,0.10044673612642624
74,0.000435020579027941
75,0.8323619543472229
76,0.00021949231049563724
77,0.00043183025122727994
78,0.09664962458690275
79,0.0001714588040163638
80,0.002234707034825195
81,0.13266158205065118
82,0.00017076926255995702
83,0.2591516924861513
84,0.11225385701660662
85,0.0012742187293442592
86,0.00042793385495240376
87,0.00014045279425747988
88,0.06379260403044881
89,0.00017268812560749275
90,0.12562901843662846
91,0.00027147404080863545
92,0.057757040323812306
93,0.00016841819343585922
94,0.0001982940763565678
95,0.11962786614943062
96,0.0009338765686933992
97,0.0017071735390497649
98,0.00041540015872741474
99,0.00017084196531309484
100,0.0004206822061225579
101,0.10699757715994862
102,0.37995896929720957
103,0.06998100822934424
104,0.08743243216114872
105,0.32035471873131005
106,0.1315215983638661
107,0.0006528799378659257
108,0.00016842348481594933
109,0.00019459269339112178
110,0.0002534882362902801
111,0.0005922088660441254
112,0.00034889771044058573
113,0.00017076926255995702
114,0.1732346352991659
115,0.0005937811108968412
116,0.00019368085132286987
117,0.183797197340612
118,0.18929772973228032
119,0.002209389751893154
120,0.0002877811331886392
121,0.25018652834037874
122,0.0004574125392931458
123,0.004586021835306226
124,0.8171998181941881
125,0.27151500648189947
126,0.0001469649273328165
127,0.06707104032425693
128,0.1461154919754825
129,0.0003272790866425635
130,0.00017334839675367124
131,0.0014287535766134543
132,0.00017146622777768026
133,0.00025267649255889305
134,0.00025315786704544987
135,0.0002495700112398602
136,0.9178868923723535
137,0.00030221661528601366
138,0.00028828723762122714
139,0.0873410559674623
140,0.0005464282105490483
141,0.00030296753719830235
142,0.00028608153996203075
143,0.00039649345624453536
144,0.00013797035144398357
145,0.08022398899411791
146,0.000228403593782364
147,0.0003047082259403214
148,0.00018094734792604373
149,0.00015321762701588776
150,0.053188710799291036
151,0.8506134607746371
152,0.00017222022978523194
153,0.11838569590497874
154,0.00021147431385421553
155,0.4086422946862993
156,0.00020641965250746703
157,0.00013952099286364242
158,0.0002057674996134368
159,0.0006463494540897871
160,0.08374220913471978
161,0.0004378835332215749
162,0.00024845241733596513
163,0.00016911468119479262
164,0.733323121943443
165,0.0003919549514120731
166,0.00045760316029446596
167,0.1986184381329005
168,0.8538714633952222
169,0.02669482967095595
170,0.0016555718334520257
171,0.07903991156080069
172,0.14082751618435055
173,0.7359030476084965
174,0.9379299743247175
175,0.24648814321946852
176,0.10817509274890051
177,0.10759253491871398
178,0.1019040155408112
179,0.06351940957360062
180,0.43372313289297926
181,0.00045355680036658944
182,0.0003956861976883578
183,0.0008595220368082218
184,0.11823691479160144
185,0.00013774230484811628
186,0.7725539690615455
187,0.00046495555887360237
188,0.0003007235056956986
189,0.00028830662218381565
190,0.0002079721119706384
191,0.00018374446718615425
192,0.0001482071123167117
193,0.00046525215563418125
194,0.07665905205356816
195,0.003466589215461044
196,0.00039460518324168996
197,0.09740296934268614
198,0.08858869699321444
199,0.0006052472399055993
200,0.0002999255003168391
201,0.07086639912080549
202,0.8320503110920062
203,0.000429963219253305
204,0.6497314147653679
205,0.00047593864826601744
206,0.00015785328405554453
207,0.2289076900850515
208,0.155628936223624
209,0.00013632291150235078
210,0.0009869971701542705
211,0.05067879426636808
212,0.0003936126337821217
213,0.0007601875323369564
214,0.00032424804574537365
215,0.0002405190932503853
216,0.15972992706465108
217,0.8540396885464965
218,0.8278521153019737
219,0.00045447477597727144
220,0.8098869086716126
221,0.0002658512951198398
222,0.06156639913498118
223,0.2777619136751701
224,0.12099187121757912
225,0.000307059967160274
226,0.0014527221712203648
227,0.0016444694112177478
228,0.8477481446667674
229,0.08052479785436807
230,0.14624901531227416
231,0.00023203702526650543
232,0.00014691981070501264
233,0.000435020579027941
234,0.0008951062865926085
235,0.0003351024523874881
236,0.0002889288838685
237,0.00013636535130764395
238,0.00016993638815603345
239,0.0003039660995586035
240,0.46733047831710817
241,0.0002496521630365521
242,0.00038237328718302647
243,0.00044823080993850205
244,0.0004227284890998253
245,0.42337084857914903
246,0.00020478692593854062
247,0.7539221420311502
248,0.13445964458237264
249,0.00017030441560062247
250,0.15405992360903495
251,0.7991141775517177
252,0.29123913667324114
253,0.8892442480352928
254,0.14176121090073893
255,0.36018549843069086
256,0.00017222022978523194
257,0.07140864601758107
258,0.0007203567009481861
259,0.0001790139518755309
260,0.8149227167769927
261,0.08347382047697242
262,0.0004625079579662159
263,0.0013447880589122533
264,0.5597783418335784
265,0.43917413051413756
266,0.0003511619945842444
267,0.0760776216873269
268,0.00015901995709937018
269,0.15326624294008317
270,0.7189535275502439
271,0.08092560500011178
272,0.00026837298663245874
273,0.00023849482484731327
274,0.00016988650284879318
275,0.6219651627076789
276,0.12133190131745625
277,0.1546234439819704
278,0.000572709197368634
279,0.07213513882718296
280,0.0003763791274717001
281,0.6840313340429178
282,0.0005761109472409912
283,0.00017267030591429822
284,0.1628826273395975
285,0.00042739335168856215
286,0.00021754338653182106
287,0.09996843289524983
288,0.0006187226457101979
289,0.0004889260559488832
290,0.5696578714658587
291,0.9126525890561825
292,0.0001454020178631682
293,0.2654917983292938
294,0.8538714633952222
295,0.13261145368618787
296,0.0001510458503512724
297,0.3494965816397823
298,0.00047865231608220813
299,0.42981181415384023
300,0.4634354224211523
301,0.13048176187408736
302,0.0002427297613749536
303,0.00044315533581519014
304,0.0004227284890998253
305,0.0002568326829399736
306,0.6720541481249233
307,0.07177262990465477
308,0.17976067384759756
309,0.5159612228262621
310,0.0004353301635660928
311,0.0012406889245338648
312,0.9001410077043667
313,0.00018273586843525037
314,0.1848648249989108
315,0.0009840518861834516
316,0.0007423307629967008
317,0.06109710371381895
318,0.11267115598570478
319,0.00044103840149050977
320,0.00017720622031729876
321,0.34418573392922297
322,0.08641048544716358
323,0.18410174575988958
324,0.00046295936521394555
325,0.00025025410494092535
326,0.00023979156057171063
327,0.3514705929325893
328,0.721033999240282
329,0.0002283788993594068
330,2.0383112507862847e-05
331,0.7668188955830612
332,0.00035305081599569147
333,0.00016448769465449354
334,0.0010486497781151721
335,0.3108016820353655
336,0.7774201485484233
337,0.00013456317407637295
338,0.00023573676157340697
339,0.0004981602017633943
340,0.0006310073867672366
341,0.0008607813969200452
342,0.0001927804167389245
343,0.0014160772193908262
344,0.5774417362073165
345,0.8967048492381153
346,0.0002897942821915663
347,0.8440531898434332
348,0.00015028569107975923
349,0.0004420670078997135
350,0.08618446302585422
351,0.12322275998961792
352,0.0002393754210835231
353,0.789514165179325
354,0.00017576473125404182
355,0.000783742008542796
356,0.18774020462784202
357,0.0001581844614744227
358,0.5450376646997398
359,0.061666172427951485
360,0.00026004284641923374
361,0.001084923953068372
362,0.00017580625696268814
363,0.00044941830597184247
364,0.08716622135252655
365,0.00023069980961600866
366,0.0005772407940877406
367,0.12132181119128742
368,0.003817975084559623
369,0.0013997344525456066
370,0.001226974451743502
371,0.2540832128652283
372,0.00031563657115614397
373,0.0800999128626396
374,0.00019432260582663872
375,0.10279317635758403
376,0.00018343443825892097
377,0.0016858180841870134
378,0.00043564321660360516
379,0.0007359234492725291
380,0.08141570258309673
381,0.000329100929637731
382,0.06001494779521144
383,0.07090477842331275
384,0.00032148463336366986
385,0.8004718022532292
386,0.0005674826081476944
387,0.00016351035165034725
388,0.00017125848430857987
389,0.00023198687613204473
390,0.6904599320004471
391,0.1498743717265701
392,0.0003454405309615636
393,0.00014220091956542732
394,0.1411482400371578
395,0.0007183201695200877
396,0.06530421843033561
397,0.0692057291615892
398,0.2013561408908077
399,0.16452477464115126
400,0.15991437642080983
401,0.06913749216965134
402,0.00042363358809185085
403,0.0004164405333576393
404,0.00020424216340151073
405,0.00025473823715301707
406,0.06703182191566513
407,0.0001429752312384132
408,0.2718620943863898
409,0.0002341689823426382
410,0.00017083279424916808
411,0.00018780924410387073
412,0.199641823799436
413,0.23519648529589438
414,0.13746154532994792
415,0.00030879165490701576
416,0.0003658223781877091
417,0.0005754691511872258
418,0.000160037452123727
419,0.0007298856703511701
420,0.00014211717909977172
421,0.0003653394509080806
422,0.15637330843459007
423,0.15982950842956628
424,0.7879072259822838
425,0.0003821756891192373
426,0.0002931997194511192
427,0.7913154185085196
428,0.0001527571694748495
429,0.1026374767429383
430,0.00014652583709689234
431,0.0867296727906486
432,0.0002417665403423826
433,0.07096413794328976
434,0.08835548897558586
435,0.10223215687740872
436,0.10374240727949233
437,0.9774032340162317
438,0.0001942348075170758
439,0.00048185115665824464
440,0.8407741014873279
441,0.00017091788845095558
442,0.2486259043116911
443,0.0001384836147049471
444,0.1584223296637006
445,0.00019003885519676848
446,0.5026804475288422
447,0.7825277017437465
448,0.7790671066787136
449,0.10811154617725349
450,0.0012588264320279533
451,0.0007938624518392021
452,0.0022181455505139195
453,0.0007635712637641327
454,0.5637858918503155
455,0.08764211966486112
456,0.0006626991869669942
457,0.00023885378806582603
458,0.00018343443825892097
459,0.0012266037480088456
460,0.000196988022033049
461,0.00020255357011946857
462,0.538500547549025
463,0.282926379035307
464,0.0007232023932215384
465,0.0007436156406611974
466,0.0005333501207165425
467,0.0012826833815548864
468,0.0006470643358267536
469,0.00019299641482129924
470,0.6955445713259724
471,0.0016083079717504965
472,0.00043805067092260734
473,0.0002527001148574285
474,0.8085654166758137
475,0.0006638630159728545
476,0.0001376035323837199
477,0.08365260636745958
478,0.0001913981067623249
479,0.00013835017600672314
480,0.0006204947089415095
481,0.00025843399324052636
482,0.07043776127820504
483,0.15416289031375846
484,0.06745538126435872
485,0.00048400173181369386
486,0.06730837214504409
487,0.30644028723403866
488,0.0003945739518679389
489,0.09090991959611303
490,0.000163332584640865
491,0.07457454140053348
492,0.21577735261241182
493,0.0004860076399859686
494,0.00035609492855671307
495,0.1579113156107372
496,0.22794304810036214
497,0.053906182604703284
498,0.11176995888048488
499,0.000405832617508709
500,0.7626817549739096
501,0.04860304328017314
502,0.00031107215616360615
503,0.06971080034267342
504,0.000662141740078454
505,0.8445463129869206
506,0.0011538573152510816
507,0.0006463494540897871
508,0.08444553674104009
509,0.0004164405333576393
510,0.7934223503926694
511,0.08416279757701077
512,0.00028044474210494366
513,0.0002718909950052821
514,0.00014328228678045035
515,0.0005787278638897895
516,0.17783594314966847
517,0.0004484290698870188
518,0.80933978306219
519,0.00025563820733163616
520,0.0002676995229996887
521,0.00025020481486636586
522,0.04665831783272464
523,2.0874554880368697e-05
524,0.00020507471236415009
525,0.00024302379700718216
526,0.00016737632241824188
527,0.0013829413317319544
528,0.00019976551560042186
529,0.0006829275146696467
530,0.00021316408140164566
531,0.00047797236998349047
532,0.8573765022807368
533,0.00032671083490146434
534,0.00013626893462027472
535,0.0005775084055308482
536,0.000523203664684974
537,0.0012718888444109724
538,0.1507891893860475
539,0.0004363728212903462
540,0.0009949181079849903
541,0.0003227824119139043
542,0.7815849433992261
543,0.12147917657601925
544,0.0003203850091291699
545,0.00020594815073842807
546,0.00015341599259519048
547,0.07695974826825193
548,0.0010145831965922953
549,0.000616624566259353
550,0.001277124363446997
551,0.1325148985440719
552,0.0001504142120474331
553,0.00015688823900175027
554,0.830674456626134
555,0.00041290310231143894
556,0.8848504416965285
557,0.000988839512677548
558,0.0002697884091067701
559,0.07543496258132597
560,0.0003153143634156101
561,0.14767059546091196
562,0.00045969834030565787
563,0.00016554093335020668
564,0.744284722686761
565,0.643773825583001
566,0.0007370428756976895
567,0.17029008032776316
568,0.8585332988521741
569,0.9958177046070883
570,0.0018315264322129117
571,0.00023481823914367933
572,0.0003681472448948931
573,0.00045278523564894576
574,0.0001697957619923629
575,0.0005492010977841795
576,0.07502638280535598
577,0.00048184919143194133
578,0.1973257021163896
579,0.001431248665489221
580,0.00013463813224889258
581,0.00020871596427335165
582,0.7423980379543721
583,0.00018086310473979712
584,0.0002638639760365338
585,0.2552922601674623
586,0.0001752329896937097
587,0.7919824097891212
588,0.0005239652714139057
589,0.8404850121155465
590,0.5218260504709489
591,0.7175116707873403
592,0.00016980582090093415
593,0.09185218170000659
594,0.07852683448785616
595,0.00014984950906522213
596,0.36896317233721065
597,0.0002112509988441647
598,0.00017468529126784006
599,0.5080829026472284
600,0.00016917932098329074
601,0.0004923707907538249
602,0.00016491018438260076
603,0.0001828822354426487
604,0.25361218036532046
605,0.00014395779440327868
606,0.00024813005911659085
607,0.00016673254306132294
608,0.00015702167180329507
609,0.00024898956849890135
610,0.0006176886249144959
611,0.07816258463515918
612,0.8144413579464842
613,0.06536513583098465
614,0.0002346465876784274
615,0.9040239896660502
616,0.00018386134203479795
617,0.0018143694977474365
618,0.00033359509984511975
619,0.20079280124366322
620,0.0002821688182589119
621,0.0001403301807456736
622,0.00026612404863457696
623,0.06655704220247358
624,0.7760469386818878
625,0.001427875414804103
626,0.00014853390091415758
627,0.0002467427064381546
628,0.4361347122586318
629,0.0002527001148574285
630,0.00034889771044058573
631,0.2948907780083713
632,0.0002774556521508876
633,0.14159436110312343
634,0.0015802314688859787
635,0.11461301630488954
636,0.058815718116383836
637,0.00027631426177937525
638,0.0008381931020824253
639,0.00019396861433836142
640,0.12308421722639291
641,0.09065642128261586
642,0.6720986543996167
643,0.735252104786554
644,0.07083860463376276
645,0.00027539152429252616
646,0.00017302981098605525
647,0.000236422449948156
648,0.08390092413492123
649,0.00014228362988286531
650,0.0005931054463044513
651,0.00025775638313045427
652,0.00016288103972246612
653,0.0007268821045412699
654,0.8666544091070323
655,0.0008343192907726184
656,0.0002314004034980192
657,0.08051508080816548
658,0.0002994879383351645
659,0.0005766552358054572
660,0.00019570753640027138
661,0.1855929206687936
662,0.7325469050431953
663,0.1513181454174773
664,0.0002721303033920288
665,0.7634291147195565
666,0.0008971997971426062
667,0.07320497528334236
668,0.00035803695900206005
669,0.0012266037480088456
670,0.08022321017918503
671,0.6623033816923494
672,0.0005317785723595754
673,0.0004123770392979126
674,0.00018086310473979712
675,0.00018903021392640453
676,0.0002122291017329638
677,0.8627638947668514
678,0.7813722254076362
679,0.3480443112072013
680,0.06290051877801267
681,0.000324186310061435
682,0.66507668730178
683,0.10204891739746567
684,0.00028582699225879123
685,0.15887266210000683
686,0.0002354229622155981
687,0.00014005233174601333
688,0.20854521866401143
689,0.00039649345624453536
690,0.001230924161834145
691,0.7972976628407153
692,0.00030037876032239734
693,0.11910643835739053
694,0.9683935505313407
695,0.17932334122801766
696,0.39269825408584247
697,0.920172700224361
698,0.5471812491449731
699,0.00014746506059870422
700,0.0005637083890126514
701,0.18457766697665118
702,0.0021600913796693162
703,0.6172154677717184
704,0.7342439743597727
705,0.00015112184390319016
706,0.13491739891614843
707,0.00019530698236688995
708,0.2867007816758382
709,0.18497812330256072
710,0.00017278911292255376
711,0.13466290281147134
712,0.22900271047247878
713,0.00035702484065267914
714,0.00033987942832648454
715,0.00048184919143194133
716,0.0008111358576328981
717,0.11083974709978567
718,0.8891175927736986
719,0.00028376748537201134
720,0.30903657795993933
721,0.48076249203062926
722,0.00044260553250350494
723,0.00017330062864612895
724,0.00038237328718302647
725,0.35543855564452576
726,0.0005673901279876672
727,0.0001704194284368448
728,0.0003788426445351919
729,0.00023972804436999797
730,0.00029212474738258816
731,0.00018343443825892097
732,0.1620687053119994
733,0.001156558606817532
734,0.0005123132729195041
735,0.7600334734739177
736,0.00022924868087825198
737,0.00023279782995098855
738,0.0003773267135312958
739,0.00022218923746009575
740,0.0005117360711266383
741,0.0836673446101693
742,0.0001454020178631682
743,0.22275165193004137
744,0.0011249468913475163
745,0.45909971679633904
746,0.0007453918014347362
747,0.08998872248657416
748,0.39028344097839146
749,0.0003381352998600437
750,0.00035803695900206005
751,0.0005247245535730473
752,0.0001559110089609568
753,0.0004235266115577718
754,0.15771464926212034
755,0.6173886838683399
756,0.00017130034291896855
757,0.15637330843459007
758,0.0003028759197189549
759,0.0001998755502030043
760,0.921536441435022
761,0.47601457373746964
762,0.00014888926186885698
763,0.00017222022978523194
764,0.8039649009504563
765,0.00014050321246857322
766,0.828181786564223
767,0.0013330547524528285
768,0.00017720622031729876
769,0.00013522384564243142
770,0.00018856652983193205
771,0.000393133373166811
772,0.8390073382656796
773,0.0001927804167389245
774,0.0002279472309124342
775,0.002081407182033463
776,0.9212078383956555
777,0.00017474896670601828
778,0.00016283123896211298
779,0.002209389751893154
780,0.0001726427116082589
781,0.00016952332422517433
782,0.00014636504888284037
783,0.10302930660955927
784,0.00045211264169091884
785,0.0002922901672384882
786,0.8471213857164425
787,0.00023195435683906314
788,0.00017222022978523194
789,0.8288506030879306
790,0.00018630688564985403
791,0.6637127593931114
792,0.0001851692924868253
793,0.00041954310280836087
794,0.00013924990347937772
795,0.9298898038419201
796,0.4164736007950731
797,0.00018618766397680261
798,0.0008966100874032355
799,0.0002399828385006843
800,0.001508561744588508
801,0.0015483098053273162
802,0.1712023273122573
803,0.15173687117900103
804,0.0002121453970700258
805,0.0003454405309615636
806,0.0001726427116082589
807,0.05719797045375257
808,0.7365899653378518
809,0.00017709807525491947
810,0.875283045713702
811,0.00027799733323271853
812,0.7895095321639285
813,0.125805907528882
814,0.00028400669864451464
815,0.001732441455225681
816,0.0007006479517211393
817,0.00023610006530409928
818,0.0003054426608510475
819,0.9307447342137204
820,0.00021094950587495994
821,0.000394292395567099
822,0.8634219690620808
823,0.00039378731460809504
824,0.35975550422136077
825,0.000617726789781856
826,0.00014192762364405098
827,0.8628424199292368
828,0.00041770995621105033
829,0.8787130775216807
830,0.0001455366124424315
831,0.0665850906924547
832,0.0006732581188628911
833,0.1315707784039552
834,0.7112586646523811
835,0.06496318474082545
836,0.15463825201255893
837,0.0002600925969555268
838,0.00034270293331142886
839,0.5427720550806807
840,0.00022588444385976704
841,0.2089018384501451
842,0.00023419264883243985
843,0.0693314461919523
844,0.00018001298252264968
845,0.00033417223220367077
846,0.07678579630223696
847,0.07525102344447607
848,0.00015639048153882293
849,0.00014913507224173563
850,0.00023274602113515928
851,0.0002681606852149606
852,0.0003067125161195414
853,0.8930917820609365
854,0.8020292205861457
855,0.6513662820220135
856,0.8429954696733412
857,0.05064426931649898
858,0.8008741439148711
859,0.36172156687351525
860,0.7891338028181318
861,0.38487592957152783
862,0.000143713550240723
863,0.08231088381860183
864,0.5415729607539813
865,0.437660253631338
866,0.05927460938249792
867,0.7555829372513455
868,0.832593746088716
869,1.9036196175119784e-05
870,0.00018058267321653228
871,0.00014483760625416065
872,0.0020097053083605624
873,0.0005354272326460666
874,0.00017243396268928
875,0.0001345963001526628
876,0.00025803680764796685
877,0.0003171046535241248
878,0.8022062719672893
879,0.20889717421791285
880,0.14522250087912608
881,0.06316671553989499
882,0.7206600684722243
883,0.0009302016855427446
884,0.07590191096270618
885,0.00027563967443856575
886,0.9310601026345919
887,0.5829387596937858
888,0.07687839190746248
889,0.0002301342879702232
890,0.00045765326728893814
891,0.7572906792691727
892,0.0003757415700936248
893,0.00014614013770410933
894,0.0012266037480088456
895,0.00023885378806582603
896,0.7672036911720791
897,0.00020307841619663676
898,0.8077605536633721
899,0.0004011181810600254
900,0.8839599780825028
901,0.07768711108786688
902,0.7432824710067136
903,0.0007448353860714016
904,0.00013863849436094
905,0.0007423307629967008
906,0.00022418323106648233
907,0.0003658223781877091
908,0.00016471160144019252
909,0.0005956445948698835
910,0.00025071338615159096
911,0.8106136637502631
912,0.00015850671013730737
913,0.00021172912505264613
914,0.7777819593518203
915,0.00017565728435652622
916,0.10281720743464869
917,0.00016897228153362894
918,0.00041656000666736426
919,0.1029348195648788
920,0.8726143963424834
921,0.0001697957619923629
922,0.0016217339573535924
923,0.0012518972402211378
924,0.29431594900593305
925,0.0001476604753964516
926,0.00015938394197051483
927,0.0001380048227072705
928,0.08652441611490537
929,0.0003254755313967739
930,0.8622664386907635
931,0.001431248665489221
932,0.00013864151126774415
933,0.002209389751893154
934,0.0012266037480088456
935,0.001796067441890286
936,0.6540132793644613
937,0.00014745750820239462
938,0.0004651556114656294
939,0.00028989900327071506
940,0.09718980315149754
941,0.00019420655024744542
942,0.8133718191091661
943,0.00066930794982389
944,0.0004503931555838512
945,0.25645839218404737
946,0.15118694445855915
947,0.0003170184579785243
948,0.12647159301059763
949,0.0001388623321893485
950,0.0005897027692315927
951,0.00029386574312790945
952,0.0006681568592459678
953,0.00021279080501635967
954,0.0005809701242093659
955,0.0003497437022536474
956,0.0004551245216320721
957,0.8345512116766685
958,0.878113386216282
959,0.00033186694395338144
960,0.06926122151791633
961,0.13805872620811344
962,0.05339145385755115
963,0.0004087140992640904
964,0.5778238258391529
965,0.0003727877618120466
966,0.9999934228001386
967,0.0004091828503675248
968,0.08209633534070376
969,0.6339810726906185
970,0.13048624766952793
971,0.00036939016529602783
972,0.0001376082073145317
973,0.003483767389661999
974,0.0005412289143899814
975,0.06572987510172193
976,0.00014522046087411518
977,0.0003230491263369585
978,0.30477548137644495
979,0.0007907662320169139
980,0.00019372732301003458
981,0.08055991468406848
982,0.6531354063325148
983,0.14427334265129108
984,0.08461407576521071
985,0.0019445865142016696
986,0.1876737960415172
987,0.2439143093478226
988,0.19505315271416324
989,0.0014496865895930109
990,0.25643314055225314
991,0.00016854994128696543
992,0.0008758624340485207
993,0.9255411309078926
994,0.001873112739718009
995,0.0002951307987638635
996,0.17268504321636255
997,0.00034889771044058573
998,0.733578337811709
999,0.00048345956646709767
1000,0.8011626391996364
1001,0.7903842733471332
1002,0.000794284775992371
1003,0.3798383593361872
1004,0.8556834445865356
1005,0.16078606131941273
1006,0.00020473125372622128
1007,0.0842923663350662
1008,0.00025450853314944925
1009,0.16601137560399298
1010,0.0003193741600778304
1011,0.9714559207316859
1012,0.00017468003388680677
1013,0.00020880725241620334
1014,0.8096165396044916
1015,0.00025320249745016223
1016,0.0006810858339190584
1017,0.8911792593540215
1018,0.00017494883787847287
1019,0.00043779305099676607
1020,0.0011659053972242184
1021,0.000344256214678447
1022,0.0007221198565221246
1023,0.00029844554063741883
1024,0.00013992315903003214
1025,0.0005337076184047407
1026,0.0002518343794891332
1027,0.0003054426608510475
1028,0.08611699050155325
1029,0.4569200422383326
1030,0.07782788377383257
1031,0.0006495059236454377
1032,0.070839502341753
1033,0.07090368764638523
1034,0.0016555718334520257
1035,0.0007575363316643995
1036,0.00021907788114421944
1037,0.0006242531340338597
1038,0.5961152550606064
1039,0.12520574342310833
1040,0.0001451605541032685
1041,0.00033815570649201683
1042,0.41996454141661854
1043,0.0005039743829286151
1044,0.00024889690207111683
1045,0.073735991167718
1046,0.00034059281179107107
1047,0.000845972793593431
1048,0.0002897942821915663
1049,0.00016964344424475004
1050,0.0006706086421165533
1051,0.0008434576100309633
1052,0.00047517965731767484
1053,0.7224687579928796
1054,0.10634935004480056
1055,0.3869580946141589
1056,0.0001735898548776158
1057,0.8447525414376316
1058,0.00023838291887176292
1059,0.00014514656952171868
1060,0.00024806543885002203
1061,0.0002968561860941311
1062,0.18009558767015502
1063,0.0980296532061508
1064,0.9715710785864241
1065,0.00033400162476508787
1066,0.00035929911725898094
1067,0.3704414413584617
1068,0.00016562801719645503
1069,0.43134401789955096
1070,0.000483189509450902
1071,0.00017576473125404182
1072,0.00044088635502889683
1073,0.41449795285552865
1074,0.0001581844614744227
1075,0.0001927804167389245
1076,0.000236885190667844
1077,0.0005956445948698835
1078,0.8322359748553102
1079,0.0001731931634083544
1080,0.062179294274961446
1081,0.7647165801895298
1082,0.11929139639238712
1083,0.0005809701242093659
1084,0.11718630467799558
1085,0.07211564435165509
1086,0.0001926088912130022
1087,0.0004132295014635212
1088,0.00043889245964813246
1089,0.0007358885937840229
1090,0.10752801162211187
1091,0.00041625419440519075
1092,0.0007246035397750548
1093,0.001431248665489221
1094,0.00031265533246608364
1095,0.00016814317492277022
1096,0.00017076926255995702
1097,0.10462644152649062
1098,0.2000844490183254
1099,0.0020593068010484276
1100,0.00039315056422384694
1101,0.17807248755913277
1102,0.7176673719138336
1103,0.00017602546715801088
1104,0.00029369266718943984
1105,0.00019244509368108193
1106,0.4368900959161588
1107,0.000505550064839605
1108,0.5183407317222758
1109,0.001762213895070732
1110,0.06249584567786277
1111,0.00017283257789920688
1112,0.00031991661645061186
1113,0.00024027396817890155
1114,0.8582381635319178
1115,0.00041841206785098135
1116,0.0001473184280718756
1117,0.07106804589188945
1118,0.4577040952746199
1119,0.12629092104411577
1120,0.0003655972355294929
1121,0.051418642734977225
1122,0.11867047426803434
1123,0.00014413647461428318
1124,0.0019211273142612755
1125,0.7131441120319036
1126,0.17101697956337658
1127,0.0013829413317319544
1128,0.0004906452019532984
1129,0.0005621013034882565
1130,0.0006086265979379768
1131,0.0008460667898265174
1132,0.0007865282604111398
1133,0.00029436956032498563
1134,0.13911691036585064
1135,0.11131409425400703
1136,0.00014211717909977172
1137,0.7869147697322696
1138,0.000375530020686747
1139,0.00021094925684734004
1140,0.00027570048466135595
1141,0.00022123243142317483
1142,0.000285306649050929
1143,0.18361406898963267
1144,0.11874261655469615
1145,0.06280280708636551
1146,0.0001647722649177592
1147,0.0002951307987638635
1148,0.000275586670920768
1149,0.06761855666344721
1150,0.00046219416395646513
1151,0.00039649345624453536
1152,0.501302340520026
1153,0.0003415707409022784
1154,0.7432080299421874
1155,0.1576633787924527
1156,0.18983506954887425
1157,0.0007317597596313395
1158,0.00035740722695123316
1159,0.0002919062743788509
1160,0.0004906452019532984
1161,0.00018436497887888253
1162,0.00034980647805961634
1163,0.0002372054695339419
1164,0.000290019870999434
1165,0.11691577765191966
1166,0.0003175870038464286
1167,5.606148856478531e-05
1168,0.00020861953036491497
1169,0.0003028390896407713
1170,0.0003779003438485471
1171,0.4298764699583902
1172,0.00021389041925274434
1173,0.09669891922578411
1174,0.00032671083490146434
1175,0.9103066874538921
1176,0.0001890910206768053
1177,0.00044981429438533413
1178,0.0001874294939028569
1179,0.8626295211494576
1180,0.00032895389498538224
1181,0.0004514722027010211
1182,0.0018315726473751134
1183,0.7264730816019934
1184,0.0006163692863283985
1185,0.5694271772954637
1186,0.4088120842734877
1187,0.0002609479403783967
1188,0.00046300136439151864
1189,0.0002270131596714742
1190,0.00018886411483423843
1191,0.0006178031673977219
1192,0.8488776425075298
1193,0.0004574125392931458
1194,0.6480401019855955
1195,0.21414107624700401
1196,0.0002575194520557252
1197,0.00013735381695031948
1198,0.07111221815292533
1199,0.6851453188492129
1200,0.00017317484346623827
1201,0.000647484399335821
1202,0.0010158831695920552
1203,0.0003998439870908965
1204,0.12210995597561143
1205,0.00022036952367149206
1206,0.0021015909211663008
1207,0.00040377072289354506
1208,0.44255443125489136
1209,0.00023136681181399902
1210,0.07537047115212729
1211,0.7991073091679073
1212,0.0008255382159869658
1213,0.0002080814124956156
1214,0.0008725564184109218
1215,0.0006444885118768674
1216,0.0001351971907328823
1217,0.15110379834612772
1218,0.00045064465976783454
1219,0.00018528484253644152
1220,0.2157769348044174
1221,0.0003707570323772167
1222,0.0002640998948599881
1223,0.00022795131800209048
1224,0.2346655253570765
1225,0.07515027013552349
1226,0.05668423475028686
1227,0.11144909599519001
1228,0.001732441455225681
1229,0.00043779305099676607
1230,0.00014513149077534013
1231,0.0002610677386726645
1232,0.12911617198598785
1233,0.00044088635502889683
1234,0.00014950344984145813
1235,0.00015330072332695854
1236,0.1035028108086466
1237,0.7524072191943909
1238,0.00023654452689915592
1239,0.7680542232719495
1240,0.9999642542206669
1241,0.07538961567349538
1242,0.8709251637446881
1243,0.002202659734712107
1244,0.0001752329896937097
1245,0.00054094154290265
1246,0.0008749670782502882
1247,0.6912868865154315
1248,0.0006765801800607364
1249,0.00044486814054375405
1250,0.8221969667321348
1251,0.00043116622980451626
1252,0.00029192435884736756
1253,0.0005474148933441133
1254,0.00018225058355972201
1255,0.10264418817632891
1256,0.2664724900916083
1257,0.0004464431354290104
1258,0.9127340275566846
1259,0.00027351747053713473
1260,0.00022513599118155754
1261,0.0013829413317319544
1262,0.2824685861535979
1263,0.0001469649273328165
1264,0.8248315189931694
1265,0.0002028923110129333
1266,0.10868286177123013
1267,0.8306404691604573
1268,0.786071290296539
1269,0.07623186530705711
1270,0.0002267952553177563
1271,0.0002654229964395983
1272,0.0007298856703511701
1273,0.00017363626143818684
1274,0.5365695119833369
1275,0.00044969934686312765
1276,0.11646302088424682
1277,0.000461829327831093
1278,0.09806499703649671
1279,0.0004771870082637969
1280,0.15894378398839523
1281,0.07484271135238618
1282,0.8234518313194564
1283,0.15777010592129534
1284,0.8274676765963072
1285,0.2177570420122291
1286,0.0919266392431983
1287,0.0011929543655639983
1288,0.0009628952628913061
1289,0.0008075166672566613
1290,0.24088590001310414
1291,0.22568525043194657
1292,0.0006134529035897951
1293,0.0013673238637743898
1294,0.0006061464724843402
1295,0.18026065594516633
1296,0.0001740832474090579
1297,0.00026420162760892543
1298,0.0003606064250561832
1299,0.8464219823753713
1300,0.00023540118672916774
1301,0.7559556275002497
1302,0.000442986159619031
1303,0.0003868600622077674
1304,0.11409576669589731
1305,0.8673912451150703
1306,0.374978522726241
1307,0.07273228990491795
1308,0.00014009859724370608
1309,0.0017080333770393265
1310,0.00019460871198902357
1311,0.0003584468159987071
1312,0.00015061111914198364
1313,0.7311964727877723
1314,0.15405992360903495
1315,0.0001650650582234877
1316,0.0003943858518623803
1317,0.0001394244732755596
1318,0.00022289440582391338
1319,0.7962550043763885
1320,0.00042202709913637213
1321,0.0002315164037955894
1322,0.0001591738242431884
1323,0.8034982957754927
1324,0.7943068380538811
1325,0.00015134717433070357
1326,0.0001581844614744227
1327,0.19795176260010972
1328,0.0976918753701873
1329,0.0002228633184598289
1330,0.00048018708146486646
1331,0.38629869529546323
1332,0.000311713052100888
1333,0.00027544480814817394
1334,0.0007631854476658094
1335,0.19027119400576895
1336,0.00013636700605666735
1337,0.00017251728012060026
1338,0.0003735568265771863
1339,0.00034270293331142886
1340,0.00015061111914198364
1341,0.2226939958200004
1342,0.002271364022416308
1343,0.0003016728703228175
1344,0.6382614490318496
1345,0.0002886508426540722
1346,0.8246633022309375
1347,0.00013665111305423034
1348,0.8181825601746506
1349,0.00013545073255994376
1350,0.00034454305843777014
1351,0.16144617579513917
1352,0.8432643470907368
1353,0.5491483266706857
1354,0.00019042690082662862
1355,0.0002789062860675213
1356,0.0002787815246529065
1357,0.00017239521879415482
1358,0.13320496078376617
1359,0.0004357522777067557
1360,0.07498952830995445
1361,0.38629869529546323
1362,0.5792936361899912
1363,0.5412220325930807
1364,0.08953093567504376
1365,0.23112037578061556
1366,0.06557997808443079
1367,0.0006154673974204632
1368,0.000504154398877134
1369,0.00017006779035898161
1370,0.9282668981417098
1371,0.07732831014720551
1372,0.0003531498901464382
1373,0.5835018373432702
1374,0.08419958647765018
1375,0.0004262366653171873
1376,0.13155476774527164
1377,0.000461829327831093
1378,0.17543520341742583
1379,0.00018520679151436893
1380,0.0003152959753836937
1381,0.08137494854362634
1382,0.8500725868201224
1383,0.00016809634195281682
1384,0.0008228163527418083
1385,0.36200929160335693
1386,0.32990249588278486
1387,0.00021284950891822747
1388,0.00014652583709689234
1389,0.1456724275289532
1390,0.7620569395246425
1391,0.00043615112324855916
1392,0.0008928635379704036
1393,0.00027544480814817394
1394,0.098776266714705
1395,0.7981009117896406
1396,0.0003975264876865435
1397,0.8530995282433579
1398,0.00042311895381945245
1399,0.21221797710847098
1400,0.6841582503160667
1401,0.000154827239285238
1402,0.798280402428652
1403,0.8958185721525128
1404,0.37692476645200496
1405,0.00028452485562919166
1406,0.004274413298887812
1407,0.00013701527019079472
1408,0.1414027191805692
1409,0.1116168044796194
1410,0.0011249468913475163
1411,0.13836398105695982
1412,0.00015370635145063748
1413,0.255219842424584
1414,0.0001543337504053511
1415,0.30116719638889267
1416,0.00023310310610668742
1417,0.00020872155319393061
1418,0.060235428755034334
1419,0.10124201263900033
1420,0.2010712136317931
1421,0.0007063048989377963
1422,0.0008115832468236289
1423,0.07243832321921961
1424,0.12505082685500477
1425,0.00033377477554808176
1426,0.08527307993625323
1427,0.0003945387408826278
1428,0.5865362777954058
1429,0.0991719680094355
1430,0.0981082707077421
1431,0.00026761183226409055
1432,0.00021113421624466036
1433,0.0005937811108968412
1434,0.30060766704522324
1435,0.00019636353373159594
1436,0.2734190778085321
1437,0.0005409457874980121
1438,0.8771735721139842
1439,0.0002300078112665724
1440,0.00026876203716584747
1441,0.00035803695900206005
1442,0.0001965628078057171
1443,0.8013382720926673
1444,0.852095058740715
1445,0.00014973946740428547
1446,0.00014172624764922776
1447,0.36461248710507593
1448,0.0005236917432653164
1449,0.22851343863991944
1450,0.00024898956849890135
1451,0.0005809701242093659
1452,0.0007044182485986753
1453,0.0001700490192260063
1454,0.0015549154902176174
1455,0.0002843588077571911
1456,0.07364365422987042
1457,0.00034965242642996577
1458,0.00039713756468073017
1459,0.42650474352077283
1460,0.9703882709797981
1461,0.0012505750293954683
1462,0.0001498434612252672
1463,0.0006018965493668244
1464,0.7913582677762341
1465,0.0003039660995586035
1466,0.6149779022358747
1467,0.2950545218789008
1468,0.00035757785897882197
1469,0.0800999128626396
1470,0.00014112357461697526
1471,0.29253590520452155
1472,0.2910204972719447
1473,0.00017267030591429822
1474,0.05178919379886657
1475,0.31135498336096157
1476,0.00022400751073721267
1477,0.00016204800861428344
1478,0.08428446637610232
1479,0.0005248802511545029
1480,0.00017104232432616298
1481,0.00016845370035254944
1482,0.00014745750820239462
1483,0.2068287343444481
1484,0.04641462498596446
1485,0.00026420162760892543
1486,0.00013862947222029081
1487,0.1717598803980529
1488,0.5682832080025546
1489,0.7472224418810455
1490,0.08849338082978606
1491,0.0003841494220797225
1492,0.0006466141804353215
1493,0.00035803695900206005
1494,0.0007063048989377963
1495,0.7274964561811667
1496,0.842789141019804
1497,0.1399691451018709
1498,0.8133910925143881
1499,0.0002382740901174548
1500,0.0008942421987802933
1501,0.7923408056657235
1502,0.48006869762190146
1503,0.20092816183793344
1504,0.0005089786697669651
1505,0.5645499244238805
1506,2.409645424077129e-05
1507,0.0001841219061208598
1508,0.0001764295541158131
1509,0.000285306649050929
1510,0.8824349980161644
1511,0.00023258873745938473
1512,0.00054094154290265
1513,0.0005046900206732678
1514,0.07545915495167255
1515,0.0004264986621671249
1516,0.7749900699778681
1517,0.0004227284890998253
1518,0.0002378547219068309
1519,0.0005236917432653164
1520,0.9279811563583036
1521,0.2671498406232405
1522,0.00031548845822204147
1523,0.002083609931805075
1524,0.11791681949757231
1525,0.0006803459070177408
1526,0.12306162919039343
1527,0.00044099401962990165
1528,0.1627214470492182
1529,0.0006769418855257233
1530,0.0010587597057403486
1531,0.2860848929266251
1532,0.6959548044249408
1533,0.19096867520478386
1534,0.0003482102563091695
1535,0.07535347540905374
1536,0.000244197002478431
1537,0.00142718097728957
1538,0.0002905612493397051
1539,0.00017341392399723392
1540,0.0001572007985351178
1541,0.17399612215182525
1542,0.6738695852182245
1543,0.00017840155095104085
1544,0.00020851341527707227
1545,0.000176307358673618
1546,0.08807925345423531
1547,0.8717689406184401
1548,0.00022588444385976704
1549,0.00014023713551440778
1550,0.1297503708052452
1551,0.00015688259621532538
1552,0.00025150184218489035
1553,0.0002789062860675213
1554,0.11364710799510555
1555,0.00021035300740291943
1556,0.00014211717909977172
1557,0.00013451615738939917
1558,0.00023544101541273988
1559,0.8499463579136803
1560,0.15069051932141656
1561,0.07762262593200916
1562,0.0007183083112869466
1563,0.00029273829309735527
1564,0.0005576346143399623
1565,0.08852840678583335
1566,0.00013456317407637295
1567,0.12481295166782906
1568,0.6212079491872877
1569,0.4696824954594293
1570,0.0002928358897767889
1571,0.23945224693667955
1572,0.00019771372323937743
1573,0.08198820723415602
1574,0.36509052852220464
1575,0.00017978927875444227
1576,0.00047208947361903144
1577,0.8274401351985413
1578,0.8890524134801242
1579,0.0006466141804353215
1580,0.00026960893275745695
1581,0.0004732955705308263
1582,0.0002513681346123575
1583,0.09565880468241936
1584,0.0009451631214135872
1585,0.1149827206889848
1586,0.16464997952157373
1587,0.8409321130330247
1588,0.00034235006213191203
1589,0.0014698055759610948
1590,0.06653330456589063
1591,0.000885415780639529
1592,0.222912643755428
1593,0.0001943999010760936
1594,0.8256480441367933
1595,0.2586628863520705
1596,0.00027544480814817394
1597,0.0001453648793670904
1598,0.011421749697647868
1599,0.00023195435683906314
1600,0.10648586106597036
1601,0.00024780582007022335
1602,0.6934822972140076
1603,0.00013502635076694672
1604,0.00033742061032515056
1605,0.05464681082174865
1606,0.0013829413317319544
1607,0.001460094446685349
1608,0.5737148621376007
1609,0.7734026935219588
1610,0.17484486301063
1611,0.00040779104602099226
1612,0.0002517504907850763
1613,0.00036129295247678536
1614,0.7929912640403501
1615,0.0001833853657412121
1616,0.26893747488079006
1617,0.0004899510367037255
1618,0.8677586941866874
1619,0.0002317919846695359
1620,0.0002007151670159441
1621,0.00021990411781580292
1622,0.08572729549575801
1623,0.0003218634847446636
1624,0.000307059967160274
1625,0.0004227284890998253
1626,0.0008191436862351969
1627,0.00026811046318024227
1628,0.0524918543555823
1629,0.00035493570551998544
1630,0.00019941284861939767
1631,0.0002883524316227553
1632,0.0004412848360446736
1633,0.5521671235793841
1634,0.3981092306456576
1635,0.8812850595966271
1636,0.00014125785445452004
1637,0.0005248802511545029
1638,0.13731119601006425
1639,0.00038518348258823705
1640,0.20031539862897182
1641,0.41939419831813135
1642,0.8658839793440062
1643,0.25589434366680414
1644,0.0009665464781254636
1645,0.00018386134203479795
1646,0.7934959534909476
1647,0.0002742889532589744
1648,0.00040463847983043377
1649,0.7687217383506951
1650,0.6802785786152237
1651,0.7973542886001526
1652,0.0021722611094277377
1653,0.0006646622332436035
1654,0.3154904564735069
1655,0.19290556236730944
1656,0.0006187863233668762
1657,0.00032671083490146434
1658,0.07024908044217047
1659,0.00033745851426891386
1660,0.0004508698147741297
1661,0.5254447137339858
1662,0.00034980647805961634
1663,0.09255691712722085
1664,0.0004528896305243659
1665,0.13187994332803654
1666,0.0007423307629967008
1667,0.856468261504262
1668,0.0001724736080175137
1669,0.7923077754730615
1670,0.000248094741516119
1671,0.5394014404581199
1672,0.6588670812726718
1673,0.00023203702526650543
1674,0.000598337414950248
1675,0.8673728569843218
1676,0.8899564419104028
1677,0.0004720704295330143
1678,0.0007387946183822341
1679,0.00025315786704544987
1680,0.3303248855253741
1681,0.00046525215563418125
1682,0.07997944213961815
1683,0.00043804686642408427
1684,0.00018755070708241083
1685,0.00034131662559305537
1686,0.5768119404393915
1687,0.7698099432091238
1688,0.5050106413682237
1689,0.8058921503070302
1690,0.0001365808275989472
1691,0.00024711849075389347
1692,0.7462631722163294
1693,0.0003571893357276691
1694,0.1782391754210968
1695,0.8135756802214652
1696,0.3532479576640961
1697,0.8675165023084638
1698,0.0004624417467733939
1699,0.08998882973700313
1700,0.21489092455194458
1701,0.18691646469514095
1702,0.0002556118031972093
1703,0.555061515482887
1704,0.00023836341443373162
1705,0.2928561470621689
1706,0.9506919208879102
1707,0.19178871937728878
1708,0.3212931170864118
1709,0.726376466879298
1710,0.0007179684432756895
1711,0.0003594889984840657
1712,0.2361728815802328
1713,0.0007971436932973404
1714,0.2466872162216716
1715,0.0001359240373629878
1716,0.00024347493926077986
1717,0.3649635305767625
1718,0.5323596756253283
1719,0.00041267392614469724
1720,0.1671748456688438
1721,0.0002527001148574285
1722,0.00013900879539684082
1723,0.7784097374307165
1724,0.0012880300724631196
1725,0.00016250428209615706
1726,0.0012054500061819279
1727,0.000675981850797882
1728,0.0005807104297119773
1729,0.0006958763481751208
1730,0.13372933170526147
1731,0.00019461597284699107
1732,0.5994725742723296
1733,0.00016898448087970276
1734,0.00021216319918593675
1735,0.1717598803980529
1736,0.0005367636242088735
1737,0.8827612479629557
1738,0.00020922272408543642
1739,0.8875258487275426
1740,0.00023337545371713455
1741,0.00023155290272170196
1742,0.3667290213846813
1743,0.0013455977333660663
1744,0.06399357586457395
1745,0.0002968561860941311
1746,0.7518474283335398
1747,0.000131953826456058
1748,0.0013600892437031662
1749,0.00018343443825892097
1750,0.0006829275146696467
1751,0.1056801001500112
1752,0.0016378692599232551
1753,0.00043529438621003566
1754,0.808991848853392
1755,0.3860126047993767
1756,0.15854072769624622
1757,0.7413176878513131
1758,0.2644655354355044
1759,0.000677027712073594
1760,0.000619419379531456
1761,0.00026837298663245874
1762,0.7846957732371577
1763,0.0003712575215273048
1764,0.25613454590550655
1765,0.00044384020323844157
1766,0.0013997344525456066
1767,0.8312549830339357
1768,0.0009093934067120267
1769,0.0019684901771133997
1770,0.3391728999432721
1771,0.0003813968733507055
1772,0.13247206397801004
1773,0.00025032980394198984
1774,0.0003372496828210005
1775,0.00018084915871539262
1776,0.8377060148598477
1777,0.001145551341496065
1778,0.001442858527636782
1779,0.00018231608939625894
1780,0.001158480509796198
1781,0.149395162099577
1782,0.8476977889035279
1783,0.0002622434696768639
1784,0.7865138097183878
1785,0.06836018183963906
1786,0.2222921839762326
1787,0.07259928290848773
1788,0.00014762759192604594
1789,0.00031374058600549957
1790,0.0003327283670226556
1791,0.06446104226915625
1792,0.0002003216591136741
1793,0.07151834316383235
1794,0.00020092620456027948
1795,0.08298695748471306
1796,0.0009308596198230761
1797,0.0001666326922110451
1798,0.0005273710406202354
1799,0.11167929625377188
1800,0.08723347455945725
1801,0.00017363626143818684
1802,0.8877685598517058
1803,0.2560776273923004
1804,0.32075241234249213
1805,0.0001860159526776438
1806,0.00025843399324052636
1807,0.5082683882662737
1808,0.051144508613692415
1809,0.00015412449046444903
1810,0.28106944556358293
1811,0.8042719168735568
1812,0.04773922310272242
1813,0.00014595910324923463
1814,0.5083662176105364
1815,0.0005587585725204815
1816,0.8676379032333382
1817,0.00013765734251694768
1818,0.00035803695900206005
1819,0.0003140945705531677
1820,0.00026574659518910376
1821,0.00024054427368962983
1822,0.0003279785920010021
1823,0.43720635007240294
1824,0.7881873840344586
1825,0.1572786210076467
1826,0.0006192063979566559
1827,0.0006282921074534636
1828,0.7266691182318684
1829,0.00029236911164326197
1830,0.11602950551479527
1831,0.0002238561469832313
1832,0.9677845695021583
1833,0.00016550979516941468
1834,0.0006677832775949036
1835,0.00015772360738148443
1836,0.12647159301059763
1837,0.001057865520995352
1838,0.8625284292911087
1839,0.3321407149535561
1840,0.00015654999561049338
1841,0.07615394476476595
1842,0.9896116878294549
1843,0.5620347976129594
1844,0.8799982995497075
1845,0.0003457736986850879
1846,0.0021225171299940285
1847,0.17748495255406582
1848,0.8070443312258961
1849,0.00017899507825474387
1850,0.00014228010594058744
1851,0.39807098270023733
1852,0.0629410236343841
1853,0.6768781990523351
1854,0.24030711050465836
1855,0.2007586780963149
1856,0.0006018965493668244
1857,0.00019596845815942178
1858,0.0003647203825337577
1859,0.00017222022978523194
1860,0.00016964344424475004
1861,0.9122347756656971
1862,0.00036278666377897507
1863,0.0001592958641386294
1864,0.00028400669864451464
1865,0.0002778906092044281
1866,0.00017986304769982127
1867,0.0008155638590999954
1868,0.6480800888452215
1869,0.11141150078653074
1870,0.8035674060774607
1871,0.00048184919143194133
1872,0.7282702480081616
1873,0.0006706086421165533
1874,0.10585502250204698
1875,0.0003438498310210436
1876,0.15287975264329437
1877,0.0003432567539448975
1878,0.00021802544906089286
1879,0.00021119755625123202
1880,0.0003117353439931767
1881,0.00013701527019079472
1882,0.0001650650582234877
1883,0.00025723429104872116
1884,0.00045163097650432506
1885,0.00025450853314944925
1886,0.0001351125886539708
1887,0.00027261915957820757
1888,0.7827117646578993
1889,0.08465476165369383
1890,0.0001703372381399226
1891,0.0007298114000314122
1892,0.0004883407635284363
1893,0.8271198220373488
1894,0.004135620831397638
1895,0.09420045058259505
1896,0.00032742398986426144
1897,0.0012880300724631196
1898,0.0005437323708499752
1899,0.07522383142983066
1900,0.06796763775608478
1901,0.816417540515213
1902,0.00023411638811329102
1903,0.00019483708255475842
1904,0.00042691775138278625
1905,0.000631499547332022
1906,0.0006297471068559531
1907,0.22131244521104557
1908,0.36354826232741183
1909,0.28281560972308967
1910,0.00017978927875444227
1911,0.1360347901603243
1912,0.0012893321036875302
1913,0.1642914339386452
1914,0.241679435187856
1915,0.00018403132056126877
1916,0.00019450655270798102
1917,0.00031409587325465215
1918,0.000353419776895819
1919,0.000745874788950393
1920,0.0002814987145845002
1921,0.0015207481472751228
1922,0.07385968747533113
1923,0.0002484502493211332
1924,0.000442986159619031
1925,0.0004378835332215749
1926,0.00026764699205616646
1927,0.0003531498901464382
1928,0.00017222022978523194
1929,0.1712719132008757
1930,0.8565803829310487
1931,0.06278825657744498
1932,0.0003460748311979481
1933,0.8856057058011882
1934,0.0007221241004505478
1935,0.550061775067045
1936,0.5690891870408877
1937,0.07829538683227381
1938,0.0004981602017633943
1939,0.0005214109767413068
1940,0.0006176886249144959
1941,0.0004421440668136479
1942,0.00041553474400013365
1943,0.0002393754210835231
1944,0.00023279782995098855
1945,0.0002944464922985567
1946,0.00027032541562542765
1947,0.0004538519914685911
1948,0.0004269232746976478
1949,0.5755700644351142
1950,0.0001422884303220079
1951,0.9997805824300711
1952,0.5234865508394997
1953,0.7964061755026618
1954,0.00013634234501531963
1955,0.00031141942761181765
1956,0.00027029746740289847
1957,0.12382535681347451
1958,0.05148488521031992
1959,0.00015926799102957586
1960,0.00013626616698425597
1961,0.0025429003997317072
1962,0.0005265955608797499
1963,0.06571908093551022
1964,0.00013678260755946436
1965,0.00014513149077534013
1966,0.00017317484346623827
1967,0.10912724516742293
1968,0.0008318667129230691
1969,0.9256080025818243
1970,0.051781428681062586
1971,0.00020691619073729986
1972,0.000632778513399469
1973,0.19644009701306203
1974,0.00023070222487269753
1975,0.0005843070546426343
1976,0.0002473455328996466
1977,0.7890905870868057
1978,0.00014880489775058456
1979,0.1475507713152557
1980,0.0001900136467766668
1981,0.000426353625137425
1982,0.0001953494677804606
1983,0.1794602708785896
1984,0.00038237328718302647
1985,0.00016974522066955886
1986,0.09543689332657923
1987,0.07093582166993923
1988,0.000161147734680267
1989,0.00024417895615758665
1990,0.9751611587173856
1991,0.0020002956682530536
1992,0.6725851090116869
1993,0.0006092602250377062
1994,0.0004474645951665182
1995,0.00017927123388477236
1996,0.00024839923822728345
1997,0.0008111358576328981
1998,0.0003606064250561832
1999,0.00018225058355972201
2000,0.12217459352934959
2001,0.8677502207145688
2002,0.00015321762701588776
2003,0.0008680698503292067
2004,0.000798265151187099
2005,0.6528683789464406
2006,0.0002114225576369821
2007,0.00017382236432886478
2008,0.17272187635884778
2009,0.06971886348589595
2010,0.0002980697748379472
2011,0.0001640690010726987
2012,0.06113715800473323
2013,0.28600565950800094
2014,0.00019100730851690837
2015,0.1352379673356592
2016,0.12157091025538254
2017,0.16185360401027288
2018,0.0007571530021845002
2019,0.00014297175545124373
2020,0.2904551942244615
2021,0.8172602863147046
2022,0.00033805123779138594
2023,0.0004720695030792717
2024,0.0002644177274383979
2025,0.7948760778277717
2026,0.143858140489417
2027,0.8029821238256958
2028,0.00033881421710927213
2029,0.12022204515707331
2030,0.00020641965250746703
2031,0.1555931352310252
2032,0.7019050277727361
2033,0.0004939927125487896
2034,0.8001312261476943
2035,0.00017778360012862782
2036,0.4760153434567969
2037,0.0002986471863675172
2038,0.0011848809685910048
2039,0.00013669152176588688
2040,0.0003160920349598148
2041,0.8081892801350379
2042,0.00013615543694343957
2043,0.08108594109598342
2044,0.0009505067221302902
2045,0.0004262366653171873
2046,0.1599766624515338
2047,0.00253093504591044
2048,0.00023845911828413897
2049,0.0005731690155706635
2050,0.0011531968857901008
2051,0.0009067042551845417
2052,0.0004536613973629766
2053,0.00020953616349119798
2054,0.5866869113290064
2055,0.08022398899411791
2056,0.00019355059546113598
2057,0.13915335631715653
2058,0.0002609939193747619
2059,0.45614748206710676
2060,0.00016906630318036132
2061,0.054848207075062674
2062,0.8720630730841705
2063,0.16426476877789362
2064,0.0005633774238395385
2065,0.0834376287042635
2066,0.0004651556114656294
2067,0.5715336958387802
2068,0.06915533441783599
2069,0.0001537462599433147
2070,0.0007068779665111705
2071,0.000753599149333359
2072,0.807252471155739
2073,0.00020361884874427948
2074,0.00035524198105538456
2075,0.0004755657684830936
2076,0.21308849166850605
2077,0.7989380197250938
2078,0.2591486019312796
2079,0.000375530020686747
2080,0.00014137900973888157
2081,0.10785102106297208
2082,0.9181932963937527
2083,0.6318105298482012
2084,0.09215610322222882
2085,0.0008709791495851698
2086,0.0004864557238549818
2087,0.00015407573053560704
2088,0.13187538719368647
2089,0.00036027907306613634
2090,0.0002732962399860853
2091,0.00025315786704544987
2092,0.0013829413317319544
2093,0.0002124637374027039
2094,0.0003492545838851794
2095,0.0002281328024830844
2096,0.08775037444503055
2097,0.10970495822256265
2098,0.00015814492369085938
2099,0.8152356158842329
2100,0.709730636937434
2101,0.7848083992808493
2102,0.10659928526141522
2103,0.29845671395755896
2104,0.00018484676425368482
2105,0.0005126947516538519
2106,0.0002161630815660184
2107,0.8029649038606809
2108,0.0003379227510966994
2109,0.05341870045021701
2110,0.00037000367471074695
2111,0.00020505151493307642
2112,7.430230567057115e-05
2113,0.0003470201100743182
2114,0.0019211273142612755
2115,0.00019482773599271072
2116,0.8226901295521631
2117,0.00017711725349856762
2118,0.00014023473616531297
2119,0.46056982435693555
2120,0.00013962529587593754
2121,0.0001950165073597108
2122,0.001431248665489221
2123,0.8093781344598052
2124,0.21019874400061583
2125,0.00015407573053560704
2126,0.07594619397952625
2127,0.0005248802511545029
2128,0.00039649345624453536
2129,0.7691056242584794
2130,0.0005221259512006752
2131,0.0008174615464145279
2132,0.0003335045980956925
2133,0.00020269864470377245
2134,0.001732441455225681
2135,0.149567718134665
2136,0.8374898976080829
2137,0.8558273709228055
2138,0.0002770306464466078
2139,0.0001666326922110451
2140,0.00027261915957820757
2141,0.0028926330188953956
2142,0.7939230604079731
2143,0.23870963137542953
2144,0.00023451541091761314
2145,0.00025591921078777603
2146,0.0001837169623136665
2147,0.00018295201091757363
2148,0.0001819487409758272
2149,0.00019395936346074287
2150,0.0006837508079017936
2151,0.0003482102563091695
2152,0.00044129800838195546
2153,0.00014698959321603284
2154,0.07379347996364659
2155,0.0006742555868611403
2156,0.11118601453033383
2157,0.20400078564226803
2158,0.6859181104459298
2159,0.19809391897875298
2160,0.0009131739712821982
2161,0.0006373822416289714
2162,0.10509244901962818
2163,0.0004210956542706794
2164,0.00018428509755456205
2165,0.0002223122247279054
2166,0.07723019843497418
2167,0.0003858493135555938
2168,0.0004381542390775
2169,0.00045760316029446596
2170,0.339786777083103
2171,0.00022742595898712995
2172,0.12739909088507284
2173,0.6902158172158009
2174,0.8084492411123031
2175,0.1349183930881791
2176,0.000149577823457733
2177,0.8025064671871059
2178,0.002600167640730297
2179,0.24930977944939053
2180,0.0014809067592876845
2181,0.8657144562626586
2182,0.0003570284378345236
2183,0.13933062763187265
2184,0.8184016395688168
2185,0.0006463494540897871
2186,0.000367185697833678
2187,0.11929139639238712
2188,0.00028400669864451464
2189,0.8656420985635943
2190,0.2935733045231094
2191,0.00046410504911033795
2192,0.0001572556806067737
2193,0.00032027945432460525
2194,0.7350393297666239
2195,0.00020873860597131775
2196,0.0005809701242093659
2197,0.00019503073159776507
2198,0.0003237266449663034
2199,0.0003028811516599341
2200,0.0013466849059830693
2201,0.06349763882046167
2202,0.00027465017892663494
2203,0.00018001875077845148
2204,0.8729217972116872
2205,0.00018311872323976998
2206,0.00017938277426470477
2207,0.8414409496134184
2208,0.877282963343416
2209,0.0005409457874980121
2210,0.8669380205815627
2211,0.055336226078643524
2212,0.00017062853088028828
2213,0.07464974343279168
2214,0.0003276507325944728
2215,0.7863378534686174
2216,0.807702486499388
2217,0.06287308390603132
2218,0.3950759912456617
2219,0.5622343905418985
2220,0.5587383477219052
2221,0.00022734424855505854
2222,0.0004123770392979126
2223,0.0004856093085313149
2224,0.22670947125673685
2225,0.11690523490954521
2226,0.00015639048153882293
2227,0.0008855826297268198
2228,0.00024082618604758614
2229,0.5611343157327283
2230,0.0005712771293678026
2231,0.3036706799334023
2232,0.00025563820733163616
2233,0.05599392005466522
2234,0.000375530020686747
2235,0.07131763220929849
2236,0.000863905157555077
2237,0.00028542413878542185
2238,0.00040779104602099226
2239,0.12633393896274395
2240,0.3529918980820498
2241,0.00038518348258823705
2242,0.6922509882692309
2243,0.00025168805439725755
2244,0.0003482102563091695
2245,0.00045570098662922165
2246,0.6391737823276677
2247,0.3436595164425514
2248,0.0002610946925093013
2249,0.0003886576218822259
2250,0.0003035960200322405
2251,0.09234817430019131
2252,0.001431248665489221
2253,0.5544308493900746
2254,0.7489846698777463
2255,0.8320069604613568
2256,0.0001482071123167117
2257,0.7638878880276105
2258,0.00017076926255995702
2259,0.14623780165785108
2260,0.0010735703593779775
2261,0.1347953993664
2262,0.06826944140026947
2263,0.13892754249277423
2264,0.00014274431555701605
2265,0.8337855264370977
2266,0.0005174751044475126
2267,0.0005993682335168685
2268,0.0002617479251709349
2269,0.04996980154271636
2270,0.0002588930838135738
2271,0.08076919201439503
2272,0.088273647220839
2273,0.0008155638590999954
2274,0.08177644313210952
2275,0.00023900865434812928
2276,0.0004549756882772589
2277,0.00017989619421370886
2278,0.0915616478155976
2279,0.0001482071123167117
2280,0.0001855715123515507
2281,0.0003267492866164048
2282,0.8349415808593312
2283,0.0005566931190373509
2284,0.0004125815179444667
2285,0.00018134569312721225
2286,0.8387486627055873
2287,0.00014522046087411518
2288,0.00017076926255995702
2289,0.001164892712837709
2290,0.9494241099778045
2291,0.00024386620618425226
2292,0.0003673987879481164
2293,0.0002869408940416361
2294,0.341680905996316
2295,0.00034828663726768866
2296,0.0004940074367890874
2297,0.07757928727575171
2298,0.0014277873323822526
2299,0.00023649043114244898
2300,0.00032719654964024925
2301,0.00024045075425303892
2302,0.00024027396817890155
2303,0.0005707603334290118
2304,0.0004248763415185352
2305,0.0003470322540152855
2306,0.00039326922410219006
2307,0.8152558690191877
2308,0.11156625284156665
2309,0.10184013245546894
2310,0.6101033907740355
2311,0.0019211273142612755
2312,0.00020269864470377245
2313,0.0005139270643785798
2314,0.7047234493568827
2315,0.0005189748530883292
2316,0.0005010674404319228
2317,0.12906543579671892
2318,0.079338882230725
2319,0.0009282815867033997
2320,0.0730692961193556
2321,0.0002849007313510618
2322,0.0004620215659515459
2323,0.0008006356931575885
2324,0.40186628581055855
2325,0.5959228184828046
2326,0.0781684992093882
2327,0.0007456341356053512
2328,0.2885065177732524
2329,0.7569153090882291
2330,0.000495957866982012
2331,0.1356578582744021
2332,0.4012013888410343
2333,0.0767884551756678
2334,0.0003070464690325859
2335,0.00048184919143194133
2336,0.5274219661590694
2337,0.08995620842369997
2338,0.00024830626890159246
2339,0.4682860646137736
2340,0.00013626893462027472
2341,0.07829538683227381
2342,0.00021874439418943084
2343,0.00025020481486636586
2344,0.0005031933835890968
2345,0.20782466562721855
2346,0.0001603516565348075
2347,0.0800905725435031
2348,0.0007939493290650309
2349,0.2581052611432305
2350,0.0003123931882437152
2351,0.0002970984759585795
2352,0.05818022221010638
2353,0.0006958763481751208
2354,0.0009036753533794747
2355,0.7932414738945358
2356,0.40829460589770045
2357,0.8095750339514198
2358,0.1986537476489519
2359,0.00022192768541488662
2360,0.0005476537389953198
2361,0.13860940009783282
2362,0.10487439056501491
2363,0.10281176646363643
2364,0.0003726817332339031
2365,0.05571606176390338
2366,0.0007204988962519035
2367,0.10252347552934155
2368,0.0002965836950769593
2369,0.00014386047938658538
2370,0.7100422846418866
2371,0.6356239106898977
2372,0.0009174096600551541
2373,0.8669041694542058
2374,0.9385148755288243
2375,0.00033257707326703065
2376,0.00023540118672916774
2377,0.00017882178209481864
2378,0.0012540242322530222
2379,0.08430624941657819
2380,0.002292086727681146
2381,0.33292009031012254
2382,0.0006278587749372048
2383,0.17261291530464337
2384,0.0007056158852286284
2385,0.8188053905397527
2386,0.8274898877108706
2387,0.0003492545838851794
2388,0.0004743756606745818
2389,0.00016491955949326538
2390,0.2646503496969247
2391,0.001156827221854535
2392,0.0002731300171748923
2393,0.0007193237562219841
2394,0.0016919469818871455
2395,0.0003060672162796795
2396,0.0006765543332995229
2397,0.00015140113750023755
2398,0.0005346569089109318
2399,0.9150324306435634
2400,0.0006138422525633294
2401,0.7384767564596314
2402,0.0004569815810377667
2403,0.0003993863533582776
2404,0.00025051052848018167
2405,0.0001820936541949182
2406,0.00014580039078693555
2407,0.0002956854144979307
2408,0.061498992800291225
2409,0.00033649776398864156
2410,0.24647652592361943
2411,0.1766490950346378
2412,0.0002305777254825537
2413,0.00015885095026810532
2414,0.05826376010968781
2415,0.00031919034664771537
2416,0.8464219823753713
2417,0.00017630799937180613
2418,0.06164894875452432
2419,0.00015321762701588776
2420,0.2185118642803603
2421,0.000417502187570638
2422,0.0001413272557529307
2423,0.9233413398520747
2424,0.0001663641262622349
2425,0.33038026427438066
2426,0.000509006960731687
2427,0.0003008259389214775
2428,0.0007961680924275212
2429,0.0008318667129230691
2430,0.83918571381578
2431,0.10840984093885836
2432,0.06787703829447952
2433,0.06427801086736154
2434,0.20437736814284566
2435,0.24273156560278894
2436,0.00027544480814817394
2437,0.06141493847976135
2438,0.7893575056169739
2439,0.10060245134481786
2440,0.08813288647724003
2441,0.0011568066939600685
2442,0.10447934841918802
2443,0.000375530020686747
2444,0.00014595910324923463
2445,0.0001351125886539708
2446,0.5933869013488355
2447,0.0002195809173094085
2448,0.0009183836562687857
2449,0.5367959744408688
2450,0.1713322121064225
2451,0.00028309862604814883
2452,0.0003148602972790055
2453,0.0003621027248966436
2454,0.00034270293331142886
2455,0.0001752329896937097
2456,0.00027397222005091004
2457,0.10910109844109697
2458,0.0002946105732696537
2459,0.8277878599007527
2460,0.00017104232432616298
2461,0.00019537034453470894
2462,0.3566201516652904
2463,0.10016781248013215
2464,0.00045760316029446596
2465,0.0001351478273595277
2466,0.0004625079579662159
2467,7.260567103493201e-05
2468,0.00022241309788695324
2469,0.1407712366213816
2470,0.27068007612222394
2471,0.3762814541936683
2472,0.00034270293331142886
2473,0.0002765348476786898
2474,0.2770409535892597
2475,0.1802976177978146
2476,0.22832771822078599
2477,0.00039649345624453536
2478,0.06999024492334917
2479,0.10044520755844125
2480,0.384914941788217
2481,0.00013737435960622035
2482,0.00029386574312790945
2483,0.00016952332422517433
2484,0.0002223362000532871
2485,0.0002223362000532871
2486,0.00019857549964397785
2487,0.13971176659572423
2488,0.0003780347298970331
2489,0.00020572415302892234
2490,0.10224769375323026
2491,0.366074278581787
2492,0.06048003433754541
2493,0.8263297083306144
2494,0.7996107726856104
2495,0.0005128092270255589
2496,0.0005346569089109318
2497,0.0002520253956535437
2498,0.00016841771217807213
2499,0.2695636128633852
2500,0.36102218005700815
2501,0.12346573653020725
2502,0.4029256510558197
2503,0.21679455667787087
2504,0.8277537678660474
2505,0.00040882080780480374
2506,0.2594381880475572
2507,0.00013673962224354386
2508,0.6858094096835973
2509,0.00015420032871237826
2510,0.10827129026726372
2511,0.00030221661528601366
2512,0.00023739297183049166
2513,0.0002672956582129027
2514,0.00033844027236740306
2515,0.17326433005926625
2516,0.8353930918084432
2517,0.7996876387519484
2518,0.00029386574312790945
2519,0.6338404664296361
2520,0.3732024870412243
2521,0.00021455874745402064
2522,0.690222687690813
2523,0.05957085904391554
2524,0.0007707088797285778
2525,0.7004219625918093
2526,0.07869755575655754
2527,0.10968692001830668
2528,0.1455215192925064
2529,0.0005937811108968412
2530,0.0001710881791082448
2531,0.29263679490072503
2532,0.00016071196229002386
2533,0.1939575818555681
2534,0.0004294404445835634
2535,0.0003188680873583181
2536,0.8174496942190997
2537,0.0004403867856211278
2538,0.3591097006384286
2539,0.000523041330270035
2540,0.13048624766952793
2541,0.0011527617685488662
2542,0.4274989068824253
2543,0.1258938057123565
2544,0.0002171043615412989
2545,0.000344256214678447
2546,0.000512739318675375
2547,0.0009334879646592595
2548,0.0005427239352184785
2549,0.8274912373608445
2550,0.0002509144002479729
2551,0.00014627659863523514
2552,0.00015495916406266854
2553,0.09088577319938101
2554,0.0004391720502119511
2555,0.4569200422383326
2556,0.11297055050671209
2557,0.0001752329896937097
2558,0.6046456162318464
2559,0.0002946105732696537
2560,0.8583529145272062
2561,0.7668456089164489
2562,0.0005920726910687566
2563,0.0008899552245395807
2564,0.09109345409502882
2565,0.0005797776176401947
2566,0.1296388717426785
2567,0.0002019251739608187
2568,0.10684981905152281
2569,0.0003761515549348563
2570,0.7723399040366998
2571,0.8359964509623424
2572,0.00025070114818314326
2573,0.3957743537809535
2574,0.6795810443266126
2575,0.000149030407026939
2576,0.058947869787998694
2577,0.1747889092141931
2578,0.00019975151285995174
2579,0.000896857668995725
2580,0.6020709445758198
2581,0.15158659919597325
2582,0.16262823854078864
2583,0.06962705827603961
2584,0.00019372732301003458
2585,0.00015884697375393307
2586,0.3987002119648036
2587,0.0007975746094969368
2588,0.33616089519498077
2589,0.12381661570673869
2590,0.00029168785290070655
2591,0.7898991808462137
2592,0.8445779630454213
2593,0.00018073661822536277
2594,0.0003679681290066702
2595,0.000653878754540239
2596,0.7886005769437033
2597,0.00014337305079746703
2598,0.00026712189580353014
2599,0.2492904259744847
2600,0.1287463250489171
2601,0.8985528010920519
2602,0.00021931467646953677
2603,0.00023212418513163715
2604,0.07961222513115526
2605,0.0004680380635813913
2606,0.8262798464575221
2607,0.00048185115665824464
2608,0.17364329557451144
2609,0.0002849007313510618
2610,0.0002406023494166143
2611,0.6668525758054747
2612,0.00018343443825892097
2613,0.0010158831695920552
2614,0.0002804283721392627
2615,0.00019897589045702796
2616,0.00023780925713575018
2617,0.7383123941858868
2618,0.0005800812761286862
2619,0.00022565890451678246
2620,0.0001457471258450302
2621,0.0003463400100753549
2622,0.7029856108226045
2623,0.14686726011261678
2624,0.06278825657744498
2625,0.35882265390743484
2626,0.00023111374161601276
2627,0.00022513599118155754
2628,0.00029999870557421
2629,0.12429941111400773
2630,0.000285306649050929
2631,0.00042630066021916233
2632,0.0011610293992941293
2633,0.0011424788030798246
2634,0.00019324264517528808
2635,0.0017071735390497649
2636,0.7924972742071695
2637,0.16185360401027288
2638,0.0010797184205489504
2639,0.6061775890215508
2640,0.00019989114228362667
2641,0.0008228163527418083
2642,0.00020159702672208196
2643,0.3971244165447519
2644,0.3428153028522303
2645,0.000682284842503201
2646,0.0012266037480088456
2647,0.0002606956535176923
2648,0.7152527703311464
2649,0.7336260077919031
2650,0.00013528820294298735
2651,0.001508561744588508
2652,0.0001660858456721057
2653,0.07087709763888578
2654,0.0001565903010653251
2655,0.0004209818913697039
2656,0.2210919635318018
2657,0.0019697703721303127
2658,0.8887435705671465
2659,0.3047527154011555
2660,0.7897541978463407
2661,0.00021468837262189668
2662,0.00013630461165739776
2663,0.7767146773745023
2664,0.0867296727906486
2665,0.6632410446852095
2666,0.0005301943533673143
2667,0.000559798608676536
2668,0.08457828638185887
2669,0.35551787307792515
2670,0.00025288747190072274
2671,0.0007511161730648549
2672,0.0002215838786088466
2673,0.1052865061413114
2674,0.0005717402867848902
2675,0.0002970202640969629
2676,0.00038056221698245103
2677,0.0004378835332215749
2678,0.00038580182896686045
2679,0.0006495059236454377
2680,0.00045525764710633855
2681,0.0002721268903584109
2682,0.8670080980598407
2683,0.00014869530464492472
2684,0.19611846441816616
2685,0.00040935084100466776
2686,0.07870889856087195
2687,0.0001570066911287338
2688,0.08888589593153282
2689,0.0017525436830565567
2690,0.00033417223220367077
2691,0.06444192042281383
2692,0.0021600913796693162
2693,0.13326522659533652
2694,0.13575997274423812
2695,0.0002129509560419526
2696,0.07411317388294866
2697,0.00023996853920981977
2698,0.00014033693474616986
2699,0.9082837601656347
2700,0.0001819768563177086
2701,0.09835997269845
2702,0.0002654229964395983
2703,0.0002849007313510618
2704,0.000375530020686747
2705,0.13451147046984652
2706,0.00016034482135379933
2707,0.6899749185765881
2708,0.00027934010705205834
2709,0.0002630316720840736
2710,0.0005633774238395385
2711,0.1874157496783843
2712,0.4678798592723842
2713,0.0001724736080175137
2714,0.06246682502460082
2715,0.00018302667505935122
2716,0.09479454690414416
2717,0.8910431162632918
2718,0.09688917517770251
2719,0.0012212817992590065
2720,0.09066020360710567
2721,0.0001998755502030043
2722,0.1632456777569156
2723,0.00023540118672916774
2724,0.000776237936138499
2725,0.00045163097650432506
2726,0.00041083827846010096
2727,0.0003108480672298787
2728,0.00041240888997460753
2729,0.00015880966928553982
2730,0.00018544064483162173
2731,0.9451454748154237
2732,0.0007401540062037405
2733,0.0003024659948183421
2734,0.000256464512949851
2735,0.3600569737721161
2736,0.00044099401962990165
2737,0.6221388795845638
2738,0.0008165844663807495
2739,0.18388132883943006
2740,0.1490787605373312
2741,0.00017234353196818393
2742,0.689196426426864
2743,0.0005809701242093659
2744,0.0003402295496315932
2745,0.0003996679330520922
2746,0.0002473455328996466
2747,0.0009559964996622525
2748,0.15384882134945696
2749,0.00017283257789920688
2750,0.0004839077761723957
2751,0.1643533882958728
2752,0.2229222087622894
2753,0.00031552653111534707
2754,0.8505136742742017
2755,0.34327055666136636
2756,0.00014789121856653348
2757,0.00022415868788981314
2758,0.0006005235873379006
2759,0.14769734416793528
2760,0.7405515597320714
2761,0.23753247060193802
2762,0.00018657154130198169
2763,0.00018836994723754328
2764,0.0005414565127015218
2765,0.17436580215271316
2766,0.07620224749311384
2767,0.6091492080217584
2768,0.12528652629364553
2769,0.002209389751893154
2770,0.2421035498575115
2771,0.851574797643903
2772,0.0004620215659515459
2773,0.0011727015153491615
2774,0.453118336545957
2775,0.0002790919024905437
2776,0.16284739475225696
2777,0.7426067416488507
2778,0.11017355691740448
2779,0.8316706329146797
2780,0.001614657549638167
2781,0.7350999115971779
2782,0.0006055956794010973
2783,0.0009288798345915237
2784,0.00027422126688902423
2785,0.06676901596789687
2786,0.00022838235551982632
2787,0.10914731197869278
2788,0.06290051877801267
2789,0.07652967433256129
2790,0.6522487746002943
2791,0.00018075689790151856
2792,0.08223282622698602
2793,0.0002028923110129333
2794,0.0008942421987802933
2795,0.0002793544883572479
2796,0.00023540118672916774
2797,0.7897636628916905
2798,0.2763102563847581
2799,0.0003008259389214775
2800,0.0005922088660441254
2801,0.051584855270361156
2802,0.0010800004358725124
2803,0.0001534630991417035
2804,0.00020656711338353377
2805,0.8299204093461331
2806,0.09782906751481989
2807,0.0002788260937145842
2808,0.1429730143006098
2809,0.19539254535074746
2810,0.0020216929578502417
2811,0.00030433053511724507
2812,0.8104537447008224
2813,0.00017251728012060026
2814,0.00017653059883441312
2815,0.6733394676067118
2816,0.00017317484346623827
2817,0.005287696524064876
2818,0.0003208884421940418
2819,0.0001692931416748156
2820,0.00042739335168856215
2821,0.0004027075077949607
2822,0.12941968836732926
2823,0.11014398020511086
2824,0.00016450922689031152
2825,0.00042318315379033137
2826,0.00014784228915214342
2827,0.050834332008105255
2828,0.00022613892508977033
2829,0.7602441395163689
2830,0.00041770995621105033
2831,0.16615884759017938
2832,0.29138924313720466
2833,0.00013928069814588828
2834,0.053199416764862714
2835,0.0018462944770056087
2836,0.0001808838025654462
2837,0.00020762569457598442
2838,0.9895928200093457
2839,0.001431248665489221
2840,0.00014612409582401376
2841,0.6139128188412104
2842,0.21052879079266176
2843,0.24488688509810136
2844,0.5837282605950023
2845,0.14879192700300123
2846,0.1486876226409462
2847,0.11329298133308131
2848,0.0001565903010653251
2849,0.0005437323708499752
2850,0.6040933568566167
2851,0.3390227784842549
2852,0.1682831165213438
2853,0.6405211674691768
2854,0.6196161304985592
2855,0.28323797090605396
2856,0.13920065382790942
2857,0.12107822430163834
2858,0.24246410388832512
2859,0.40870642446184463
2860,0.08957626861602443
2861,0.251099067331287
2862,0.00014316592543578145
2863,0.2749746236939338
2864,0.8281356015328268
2865,0.0010701304953223555
2866,0.6075344237996391
2867,0.0003470322540152855
2868,0.0005823293134052883
2869,0.00038477330122493577
2870,0.8645082185961734
2871,0.05539089985066506
2872,0.17399612215182525
2873,0.16156172608441605
2874,0.00043779305099676607
2875,0.07348914955730981
2876,0.0004739926979167437
2877,0.00035803695900206005
2878,0.2979492048848097
2879,0.8145444692792827
2880,0.00023856956799810902
2881,0.00039649345624453536
2882,0.0009617899663934818
2883,0.9650822356180022
2884,0.0008251472155023966
2885,0.8084598282956128
2886,0.0001460988439720376
2887,0.8775375756559243
2888,0.0003868600622077674
2889,0.0002110231523209224
2890,0.09940919796294935
2891,0.00046663645699826457
2892,0.0005792620243240943
2893,0.0002459782676355295
2894,0.7039997447435072
2895,0.0016197592461868232
2896,0.10828961655173641
2897,0.08287950991824408
2898,0.8532991810791002
2899,0.00020772173892335034
2900,0.0008319268496179457
2901,0.00019102649995489713
2902,0.0005861134677785872
2903,0.0016563781277066931
2904,0.8374898976080829
2905,0.8087821683901355
2906,0.0006463494540897871
2907,0.00014686439885684783
2908,0.08441238454788932
2909,0.0020724808366587447
2910,0.32976377845808225
2911,0.00014035882187639166
2912,0.8745508231979924
2913,0.00022348419916838768
2914,0.10627354063158446
2915,0.7345183739728669
2916,0.0005379876195334304
2917,0.0006995977216966318
2918,0.10740726964724288
2919,0.0002678008931088625
2920,0.1839050315997589
2921,0.3475134534363556
2922,0.0013252049215134805
2923,0.9502063095230207
2924,0.0004710447492513668
2925,0.8007851595523221
2926,0.0003483325839150583
2927,0.00026517204993226187
2928,0.00016461235869092087
2929,0.07403418736074976
2930,0.00014005954141984016
2931,0.0009053786923897396
2932,0.0006463494540897871
2933,0.0006709349570950126
2934,0.07675614517936952
2935,0.00016997348384128127
2936,0.2515195404813293
2937,0.3971294845522045
2938,0.17096626472849222
2939,0.26240957329881925
2940,0.0006401265113148703
2941,0.00023249916186196524
2942,0.11313917526861259
2943,0.4777722955910517
2944,0.2453384632208663
2945,0.0005420241555230598
2946,0.0673545559861034
2947,0.00023119271631380137
2948,0.4071857882077415
2949,0.23520188249762064
2950,0.0667050630252752
2951,0.00044830103462229376
2952,0.00014577346545006505
2953,0.00018885453257141323
2954,0.08196186388502219
2955,0.29238469521656923
2956,0.00017458342633228463
2957,0.00013962529587593754
2958,0.00047392562598798057
2959,0.00031853932521615393
2960,0.00017557114054595464
2961,0.9231565831447397
2962,0.00020661928376761353
2963,0.0006035976977493971
2964,0.4476844474189183
2965,0.09466407313306179
2966,0.0007727447101503718
2967,0.0012266037480088456
2968,0.8564990266945143
2969,0.0004573690465411439
2970,0.0015678046062695182
2971,0.27890698377045636
2972,0.00019849141188430847
2973,0.13547316034253493
2974,0.0003574824912603386
2975,0.0010652821362742066
2976,0.001387841298676781
2977,0.07012953935190347
2978,0.00026004284641923374
2979,0.0004618911577885736
2980,0.10733869466730345
2981,0.00037035749204159435
2982,0.483596468222429
2983,0.00024102801416993783
2984,0.0019211273142612755
2985,0.0005483670582174102
2986,0.9193754873189929
2987,0.13228418202458755
2988,0.0003160920349598148
2989,0.9256978606347768
2990,0.00016233751930666635
2991,0.9610410920634824
2992,0.00031327615622678577
2993,0.0006387979027674692
2994,0.00022674553122108447
2995,0.0015249347606160508
2996,0.00019102649995489713
2997,0.00013878269845794664
2998,0.0005606466747303852
2999,0.14860125960105533
3000,0.00019715753040695522
3001,0.6808280288246605
3002,0.8616580168080284
3003,0.09875359498889216
3004,0.00014333273496755676
3005,0.0002776047023032333
3006,0.11261032421246674
3007,0.0024626299554027483
3008,0.41091811480282964
3009,0.00028830662218381565
3010,0.0001657373261920365
3011,0.00019238760978182649
3012,0.10814023672248499
3013,0.001431248665489221
3014,0.0011236865061005324
3015,0.08390092413492123
3016,0.000228403593782364
3017,0.7494033494860801
3018,0.24386150304787244
3019,0.7062163434453776
3020,0.00013807249210786597
3021,0.819510060947155
3022,0.000144491130124845
3023,0.9298451835881574
3024,0.0001564733748939077
3025,0.0007326642193294661
3026,0.00024219517148071727
3027,0.0022389803525365583
3028,0.0016555718334520257
3029,0.0005089786697669651
3030,0.0003464366255518101
3031,0.0017757136706408787
3032,0.915323564066871
3033,0.000523041330270035
3034,0.001521082198132394
3035,0.990025510195638
3036,0.00033395715272628953
3037,0.00039610113242130346
3038,0.001103124280482478
3039,0.0002086361186461133
3040,0.4198883139562575
3041,0.0004710447492513668
3042,0.24488679040501116
3043,0.08527581065809477
3044,0.0003898303040783775
3045,0.05960781669925664
3046,0.0009884768496783622
3047,0.00023279782995098855
3048,0.8373501020878623
3049,0.00014620311372063417
3050,0.00025319514455136687
3051,0.13777338781393458
3052,0.0007250270286577132
3053,0.00017908426651127817
3054,0.00014019064143769923
3055,0.0004538519914685911
3056,0.11488437959783868
3057,0.00024986173171717295
3058,0.00021147431385421553
3059,0.0001621123591794258
3060,0.1005387394336534
3061,0.00021949822120139885
3062,0.0016531199885778142
3063,0.08211588113318917
3064,0.17166719690127782
3065,0.00033530638161077
3066,0.8567655375346479
3067,0.8280285389275632
3068,0.0005323976012212599
3069,0.08206938656591352
3070,0.0003383088048696293
3071,0.12477467178016224
3072,0.0002697145922224187
3073,0.7773562886927334
3074,0.8251331893378155
3075,0.07598605311540262
3076,0.1078009215642004
3077,0.00018186405311228557
3078,0.1656253965109871
3079,0.00022845732062713237
3080,0.09960475388160117
3081,0.0003209984310145148
3082,0.969254002149723
3083,0.8148648898909657
3084,0.00015511946573057206
3085,0.00038162848581061186
3086,0.0002238676837945824
3087,0.0006709349570950126
3088,0.13754020666564007
3089,0.0001752329896937097
3090,0.00026420162760892543
3091,0.11674530520121225
3092,0.0014115076031106792
3093,0.0003952247771821652
3094,0.6961326825489879
3095,0.0001965628078057171
3096,0.0011411364036944469
3097,0.00025092259306036665
3098,0.9017078287738332
3099,0.0002122291017329638
3100,0.0005592833264779268
3101,0.00023790808922871946
3102,0.0010158831695920552
3103,0.00023220194600021704
3104,0.24015217791880245
3105,0.00047392562598798057
3106,0.30745684812841045
3107,0.11292571404719612
3108,0.7886447951742843
3109,0.00044438450283706624
3110,0.00022444181946564446
3111,0.05297969224677688
3112,0.0009797389990984268
3113,0.0002305950552747649
3114,0.00035973409406109746
3115,0.07156713855704493
3116,0.7955030266857744
3117,0.433858774515178
3118,0.0001421267851584521
3119,0.00021782686963372773
3120,0.0767529197500666
3121,0.07057633186327002
3122,0.8104150132229846
3123,0.0985844863044954
3124,0.00015872606153377792
3125,0.0004362695930580082
3126,0.0014423207127331342
3127,0.0003509040871419619
3128,0.0005086798678767451
3129,0.0008837884645061295
3130,0.0001609917885007463
3131,0.001732441455225681
3132,0.00013737435960622035
3133,0.24792729346584894
3134,0.0005142477087264803
3135,0.5346970030516774
3136,0.00014701909944500878
3137,0.07140581848021857
3138,0.00018707127867813143
3139,0.00028722176177772347
3140,0.0010680146877081942
3141,0.0002356083546257417
3142,0.12070348176626186
3143,0.7119165350113417
3144,0.5437780449961462
3145,0.06568889695013552
3146,0.00024755558800746634
3147,0.15299256678582335
3148,0.07599494894550342
3149,0.0005798242940781199
3150,0.8095394544538489
3151,0.8657123857866582
3152,0.10827851023478409
3153,0.0002469223777766983
3154,0.00020505151493307642
3155,0.3724975722717593
3156,0.17833914079510643
3157,0.09901734136200967
3158,0.0031062427146927698
3159,0.00013673962224354386
3160,0.07261296727905577
3161,0.00014170173736460228
3162,0.00021757312370354086
3163,0.08413278945763034
3164,0.7674098847869614
3165,0.0008412574989546072
3166,0.1996951578885907
3167,0.3150386218974921
3168,0.0001880545964874622
3169,0.0003023947186512751
3170,0.8019566340153513
3171,0.0006247000166549324
3172,0.0008251472155023966
3173,0.35305732857773914
3174,0.6066446129416323
3175,0.00018310223043820162
3176,0.0992477483695206
3177,0.00013756540928728538
3178,0.7785115131539384
3179,0.0869075093270208
3180,0.23799254612399595
3181,0.00019587592031497416
3182,0.00018915675133180618
3183,0.00039678740975908995
3184,0.13949018411642755
3185,0.1809125268889397
3186,0.00014878435391637643
3187,0.00022848980593618114
3188,0.00019104177312360003
3189,0.0003592944860706972
3190,0.00017075172565912455
3191,0.00016854073983386562
3192,0.08297212258369425
3193,0.08184008796688608
3194,0.00013913138314934498
3195,0.19915413646255248
3196,0.00029918966472520207
3197,0.10235847626129917
3198,0.0012349458936976785
3199,0.0010947889712487058
3200,0.00021383271284690293
3201,0.00034131662559305537
3202,0.0009197201686625517
3203,0.0001362962518484618
3204,0.00015536820152234194
3205,0.12444961014733415
3206,0.055494403435904664
3207,0.00014539210150889034
3208,0.00019282529670293765
3209,0.24039928811424743
3210,0.000287954460269978
3211,0.0009482458344609505
3212,0.00015478821921643274
3213,0.09869435899071993
3214,0.0003943858518623803
3215,0.0002315701506706296
3216,0.0005413909343967231
3217,0.4037583081661482
3218,0.7360231613782695
3219,0.0004530388917650099
3220,0.0006252826846925507
3221,0.0797651356598223
3222,0.07761994458329588
3223,0.19703218431604735
3224,0.0003966553665798699
3225,0.00013665111305423034
3226,0.00024986173171717295
3227,0.5749781592375544
3228,0.0007387946183822341
3229,0.16939736240526754
3230,0.6984093864000058
3231,0.0003203850091291699
3232,0.000218798923651138
3233,0.0003985916748556407
3234,0.0004378835332215749
3235,0.0001681539934094211
3236,0.00048800514907895086
3237,0.5086699246075127
3238,0.0005488351983761663
3239,0.00025183378274091405
3240,0.0002536525392364352
3241,0.09827810526893827
3242,0.1003454850513058
3243,0.6371167373606688
3244,0.0005590597884852946
3245,0.0008957852285316919
3246,0.0005066628274660747
3247,0.00025746080660225606
3248,0.0003951462093299833
3249,0.05027604937646704
3250,0.0004906452019532984
3251,0.8481827485777014
3252,0.931884816049105
3253,0.9993121631462656
3254,0.6840251959367051
3255,0.8625986149711005
3256,0.0003202503400313218
3257,0.0002029410187751292
3258,0.8521794970821165
3259,0.07320251916240911
3260,0.2180346949339661
3261,0.45771878467612187
3262,0.2912634856450435
3263,0.7447399166381415
3264,0.6158296914291095
3265,0.001447597068936037
3266,0.0003770409628375355
3267,0.08873268293941114
3268,0.08858599181707728
3269,0.0001559110089609568
3270,0.06850163113373929
3271,0.0002338596607686702
3272,0.0002064421736684156
3273,0.12832446441442705
3274,0.00018697579013260594
3275,0.8683650571839071
3276,0.5398929127730228
3277,0.00027154263782807063
3278,0.8745508231979924
3279,0.00015135232926236764
3280,0.25997585568458786
3281,0.6918422027686858
3282,0.00036427301266879356
3283,0.07581895333817752
3284,0.8433340520364317
3285,0.001431248665489221
3286,0.00025825116456746293
3287,0.0016197592461868232
3288,0.000836810731473552
3289,0.07274226075676238
3290,0.0003160307016877565
3291,0.0007800537403750937
3292,0.12129587142481156
3293,0.8372176838750666
3294,0.00014366035417119835
3295,0.5993796408067098
3296,0.13102497835429966
3297,0.5244633707423674
3298,0.11652223707010613
3299,0.6821742301920002
3300,0.6901597047682996
3301,0.00033815570649201683
3302,0.00023540118672916774
3303,0.7795301516436335
3304,0.0802431327657943
3305,0.0006035976977493971
3306,0.8131446345221556
3307,0.7702765710066272
3308,0.004135620831397638
3309,0.0001594798395785496
3310,0.00014395779440327868
3311,0.1737043734081777
3312,0.0019211273142612755
3313,0.31534982293181374
3314,0.18826218171648296
3315,0.00041770995621105033
3316,0.0002764826424607529
3317,0.1674166115072796
3318,0.07441959029732945
3319,0.00019136849009389375
3320,0.0011727015153491615
3321,0.14556679797884534
3322,0.001808281383090128
3323,0.4709646913326622
3324,0.0005954528596321671
3325,0.00023217226344503564
3326,0.07360593961904606
3327,0.00019478966153485175
3328,0.7437026849695734
3329,0.8449051462909233
3330,0.0002708468634454767
3331,0.00020851341527707227
3332,0.0002565292983840326
3333,0.0001752329896937097
3334,0.21060545696404379
3335,0.2798943749326308
3336,0.00014960397153734973
3337,0.00019920911819933302
3338,0.17748495255406582
3339,0.00019624038123381573
3340,0.4713070633982526
3341,0.00014678707523174873
3342,0.502938880644598
3343,0.0003996666780573146
3344,0.00040911405278377727
3345,0.00034889771044058573
3346,0.001431248665489221
3347,0.00021137275160857717
3348,0.0005787278638897895
3349,0.00015478821921643274
3350,0.814010970968554
3351,0.001281612841359749
3352,0.6767138244007199
3353,0.11267115598570478
3354,0.00039861041766550047
3355,0.0002213264087078841
3356,0.8014512987220251
3357,0.00021704133186378202
3358,0.1778610666574225
3359,0.00014513149077534013
3360,0.0006324972477473104
3361,0.8793378213566475
3362,0.0003417096470264686
3363,0.0005075305316601597
3364,0.7964829379892095
3365,0.3825574193975126
3366,0.0005851625440557938
3367,0.8519222784754857
3368,0.001431248665489221
3369,0.0007298856703511701
3370,0.00045338637177507477
3371,0.08789375530374773
3372,0.055454366678870375
3373,0.0004227284890998253
3374,0.0006383633560928692
3375,0.8928283666107791
3376,0.8238792105108651
3377,0.094368568977354
3378,0.00021474876560936644
3379,0.8702700216191115
3380,0.18850260596971716
3381,0.00017152876559553928
3382,0.11866280831986512
3383,0.0002399828385006843
3384,0.5893250983246672
3385,0.00013529073793343234
3386,0.00021094950587495994
3387,0.00017927601543006092
3388,0.00013669152176588688
3389,0.07164167327885602
3390,0.0005615218569595968
3391,0.06684993239299437
3392,0.00033400162476508787
3393,0.00019212088310256592
3394,0.7536716849190216
3395,0.0002153469801760753
3396,0.7783246755357724
3397,0.0005986398589110093
3398,0.0001842188982609047
3399,0.00045232867075736875
3400,0.00017251728012060026
3401,0.1559465731607076
3402,0.00034980647805961634
3403,0.015771331842593585
3404,0.00015353859577241162
3405,0.00022845732062713237
3406,0.0017673518542314713
3407,0.00019460871198902357
3408,0.0015483098053273162
3409,0.2521784596799802
3410,0.0004598064024715302
3411,0.3038874712744662
3412,0.00014665280592189884
3413,0.8233451232067979
3414,0.09898491787840219
3415,0.06731598638077568
3416,0.8048424175483231
3417,0.00038015468369203485
3418,0.00044315533581519014
3419,0.00017293600133132155
3420,0.00025978571526566257
3421,0.8682795028473818
3422,0.0002536525392364352
3423,0.00015851454481052046
3424,0.0005019857366598241
3425,0.28775734589475277
3426,0.6102444312350294
3427,0.0001386029658184267
3428,0.0002833242785640085
3429,0.000339399997786807
3430,0.06686730439726117
3431,0.20419498253842402
3432,0.0004981602017633943
3433,0.1872252366494008
3434,0.001640274833646436
3435,0.00016635290602715243
3436,0.000391875501966905
3437,0.0004027075077949607
3438,0.2681555605113716
3439,0.00032611743093232634
3440,0.8749702441559709
3441,0.0004115825456169497
3442,0.0004438596181588735
3443,0.00036705413076998773
3444,0.00023540118672916774
3445,0.22096008775959333
3446,0.521136653440405
3447,0.000169231150791811
3448,0.8212021144494861
3449,0.00017076926255995702
3450,0.00015061111914198364
3451,0.0005886513368548498
3452,0.10749293821597361
3453,0.8625953128534022
3454,0.00016887209921395498
3455,0.0004031366459026922
3456,0.06345706308664487
3457,0.00018375677612454062
3458,0.00016841819343585922
3459,0.00022768510382245496
3460,0.0002975915606592636
3461,0.00018443472545025263
3462,0.1468691626801476
3463,0.0001526813845329633
3464,0.00014157529783801205
3465,0.0005236917432653164
3466,0.00018128749128229187
3467,0.00030876024447013575
3468,0.09997700285544477
3469,0.0004906452019532984
3470,0.0004620215659515459
3471,0.0002282202309131277
3472,0.8353936233339857
3473,0.0002157082452415482
3474,0.10444924900514108
3475,0.00014701909944500878
3476,0.4193945997807832
3477,0.0003687630092545058
3478,0.0009139847389608379
3479,0.00025295061655041104
3480,0.0012880300724631196
3481,0.00014005954141984016
3482,0.1023591089766535
3483,0.08528508010702462
3484,0.23971063157029665
3485,0.7367869232695923
3486,0.8354159128636799
3487,0.510399198543383
3488,0.00017349917827712922
3489,0.00013789817955301825
3490,0.0001896391566410701
3491,0.0002481672930848076
3492,0.00030159289349456604
3493,0.00044417517153319666
3494,0.00023217226344503564
3495,0.00017602546715801088
3496,0.26705991825306785
3497,0.0003619459046218218
3498,0.16777744816354115
3499,0.001732441455225681
3500,0.00023267762861820806
3501,0.0846306417829153
3502,0.0001650650582234877
3503,0.20906859805311764
3504,0.21350943019907762
3505,0.7579886017042692
3506,0.8106136637502631
3507,0.6610824053449226
3508,0.000523041330270035
3509,0.00022974247629026508
3510,0.12036800110291034
3511,0.0007012546532863444
3512,0.00016550979516941468
3513,0.00046089830306729566
3514,0.5153537256082751
3515,0.0016217979115577086
3516,0.0005016936750642708
3517,0.000739166450605862
3518,0.0010681972102880662
3519,0.20570786731495974
3520,0.00035320242712026987
3521,0.00013517885837752245
3522,0.3094663956061384
3523,0.0016185992567497554
3524,0.0005089786697669651
3525,0.1671748456688438
3526,0.13756678245507328
3527,0.001197923883567046
3528,0.11379334508267418
3529,0.0007907662320169139
3530,0.07920863675396475
3531,0.00035866687144455584
3532,0.6044241933101675
3533,0.000187709992079697
3534,0.0009016695575372507
3535,0.00020762569457598442
3536,0.9276604411681015
3537,0.07640692310830685
3538,0.00025872396014384354
3539,0.0002697670149545432
3540,0.00024060152725806068
3541,0.0005892499432415815
3542,0.0006178920012124859
3543,0.0001869731355952394
3544,0.00021559818731498417
3545,0.32846143980941295
3546,0.5777093699491067
3547,0.0006313402158327351
3548,0.00022218923746009575
3549,0.00014691981070501264
3550,0.0001409143265336365
3551,0.06551976214387609
3552,0.0003008941015777213
3553,0.0005250329646198315
3554,0.0008497276575161431
3555,0.00014581120792126598
3556,0.17386847816043707
3557,0.9341774423614961
3558,0.08077188561746293
3559,0.4354616845088408
3560,0.09883352988254744
3561,0.0005821631124407128
3562,0.00015414436283777832
3563,0.00015118250481011743
3564,0.00032470171914803235
3565,0.0005851625440557938
3566,0.0003837200396369328
3567,0.00019803648345461842
3568,0.8433046447640381
3569,0.00043615112324855916
3570,0.5501992010916035
3571,0.8818833333030818
3572,0.7937807578214726
3573,0.00024050283140310955
3574,0.36183490822634407
3575,0.14762592572799568
3576,0.0009758023923189477
3577,0.00014686780569959386
3578,0.0002973910781046658
3579,0.08889861529694751
3580,0.7919756630110814
3581,0.00044315533581519014
3582,0.08451933674591819
3583,0.0002804973624887484
3584,0.42520803063717083
3585,0.00016196323508035811
3586,0.0004549756882772589
3587,0.9410961664423044
3588,0.1671748456688438
3589,0.7922079459212809
3590,0.00024235554700985528
3591,0.00046064899043205557
3592,0.3531836451073762
3593,0.0003457401030516536
3594,0.00048021664925636286
3595,0.00014333538790315325
3596,0.0665628854953779
3597,0.00023780925713575018
3598,0.9055184975320696
3599,0.06657202802563571
3600,0.009203770498598508
3601,0.00015471688212880802
3602,0.0007298856703511701
3603,0.39372722127755105
3604,0.0002331627469354315
3605,0.00025425412272662214
3606,0.000290019870999434
3607,0.0008023191403675827
3608,0.053199416764862714
3609,0.0004625079579662159
3610,0.1521632821807095
3611,0.0001397285385302953
3612,0.00020841674010339616
3613,0.0005323976012212599
3614,0.0006204947089415095
3615,0.08141877982037776
3616,0.0002922901672384882
3617,0.0011622144726051783
3618,0.0012570655181703945
3619,0.09792750852492112
3620,0.8475696865501224
3621,0.08277020460781911
3622,0.8929482268910408
3623,0.10305991453603686
3624,0.00024381439936131823
3625,0.8538095087856783
3626,0.000228403593782364
3627,0.0003647496283842584
3628,0.7801561348147896
3629,0.29185730965206996
3630,0.0004000240423921226
3631,0.0003392473581356771
3632,0.0012357826642204305
3633,0.004857122622424034
3634,0.000165873538958454
3635,0.9184709015732131
3636,0.0002594105033757026
3637,0.09718980315149754
3638,0.00014739571499892883
3639,0.0003819923368146304
3640,0.22628359019969926
3641,0.8592195029881438
3642,0.001431248665489221
3643,0.00023979156057171063
3644,0.0001874258934528682
3645,0.3080775602470833
3646,0.7991773492834003
3647,0.0731520814243835
3648,0.00023576363346690117
3649,0.00023724199803226806
3650,0.8617476047856616
3651,0.00017222022978523194
3652,0.2505136958146515
3653,0.0005843070546426343
3654,0.0006951347764081166
3655,0.00017363626143818684
3656,0.30506472180045674
3657,0.0006716454281249554
3658,0.000204088807827877
3659,0.24039928811424743
3660,0.000691884579776365
3661,0.1655389247800129
3662,0.00017152876559553928
3663,0.0001564733748939077
3664,0.00014154918187201933
3665,0.0004216454545361272
3666,0.8652362514784239
3667,0.11560942625897291
3668,0.8155916210518792
3669,0.28639967422703566
3670,0.0006431896352430223
3671,0.0002296946626549836
3672,0.00035120089880989465
3673,0.00015321762701588776
3674,0.0005114450280203044
3675,0.00015063228518895062
3676,0.0005851625440557938
3677,0.08097792747737156
3678,0.06465928254423542
3679,0.0006306426372387398
3680,0.0019821558895042387
3681,0.0003914767703897626
3682,0.0004549756882772589
3683,0.0005734190925500393
3684,0.06468805914011111
3685,0.00043568536648969574
3686,0.841324321023948
3687,0.0003626916527987915
3688,0.9263721523224004
3689,0.0004720704295330143
3690,0.21643538552631894
3691,0.09882277636242669
3692,0.36696061033234234
3693,0.119498539983723
3694,0.13181544808297543
3695,0.1337870183687139
3696,0.0008029549033428724
3697,0.00015490015416067386
3698,0.8780689104752212
3699,0.00048184919143194133
3700,0.27773574790522587
3701,0.2678472184705689
3702,0.43393523197423206
3703,0.5443021984876322
3704,0.00022619540064728255
3705,0.08802196293174262
3706,0.7401488655551597
3707,0.0016555718334520257
3708,0.22353373609105961
3709,0.07339893535648224
3710,0.0007952661783583087
3711,0.07156562209088152
3712,0.00025315786704544987
3713,0.0006061464724843402
3714,0.00021697131100493336
3715,0.0001572711075857274
3716,0.0028612630935262785
3717,0.8074243278840622
3718,0.07363817522273382
3719,0.08198238828937376
3720,0.0002351406435786477
3721,0.5227111994813841
3722,0.00036374955683913504
3723,0.8012643811188787
3724,0.19915378562358327
3725,0.0007559250112815043
3726,0.000154304505975962
3727,0.0001450698729385622
3728,0.0002134026741480617
3729,0.00028680593987672896
3730,0.19601816213545134
3731,0.8922221369297835
3732,0.0004573690465411439
3733,0.0003619268427257203
3734,0.07675614517936952
3735,0.0003454405309615636
3736,0.00014354371539592795
3737,0.0006617156526846717
3738,0.07608536622108246
3739,0.2185118642803603
3740,0.00028058803088582554
3741,0.8225621879439832
3742,0.9061445959472287
3743,0.0006617156526846717
3744,0.0002668301313650086
3745,0.8617358645353279
3746,0.00019999043947698975
3747,0.00017317484346623827
3748,0.00018374446718615425
3749,0.00014390726034874934
3750,0.574715551554248
3751,0.4280184824023068
3752,0.1920355394538261
3753,0.07838473799208534
3754,0.000347043861741299
3755,0.16085243081427605
3756,0.0002469223777766983
3757,0.09886081410421271
3758,0.00017635452324558983
3759,0.0001850349731030146
3760,0.00038562534141216856
3761,0.00013626616698425597
3762,0.0008719782635093765
3763,0.00028012740450705917
3764,0.763231555199224
3765,0.15408750654761744
3766,0.20368961657989654
3767,0.903026248401203
3768,0.0006313402158327351
3769,0.00020883919073250916
3770,0.00033881421710927213
3771,0.00035423310976798764
3772,0.0004696730954307775
3773,0.00017010527906235646
3774,0.00031458157056306134
3775,0.00033881421710927213
3776,0.000595890943667354
3777,0.0008663197541911734
3778,0.000281920278826672
3779,0.0015483098053273162
3780,0.0007023402964839407
3781,0.00022932713804291947
3782,0.00018398121562093547
3783,0.0012266037480088456
3784,0.22441431558676886
3785,0.0002892381606608064
3786,0.13147839937180406
3787,0.8554117942021251
3788,0.000175151854056506
3789,0.0009701917774730768
3790,0.14555019011391512
3791,0.0004216454545361272
3792,0.0011820178959163054
3793,0.0009921302538668613
3794,0.15704828315881145
3795,0.0006814117020998738
3796,0.0010701304953223555
3797,0.14341102573841785
3798,0.2771288852157328
3799,0.00015012795958849981
3800,0.00020640705844566465
3801,0.00016254953932780207
3802,0.0005315931858376617
3803,0.001587676469100674
3804,0.0012880300724631196
3805,0.838772619871369
3806,0.06532328945738852
3807,0.00026837298663245874
3808,0.06554424102647487
3809,0.22655252336926598
3810,0.00032099674052374566
3811,0.000461829327831093
3812,0.0002161630815660184
3813,0.00016841819343585922
3814,0.00022060483866466967
3815,0.0006077098118599503
3816,0.2469470539614236
3817,0.0005697992053810279
3818,0.8637358942280178
